Date,Open,High,Low,Close,Volume,Adj Close
2011-10-24,119.100002,120.28000300000001,115.100004,118.839996,120460200,16.977142
2011-10-25,74.899999,79.390001,74.249997,77.370002,315541800,11.052857000000001
2011-10-26,78.73,81.420001,75.399997,79.400002,148733900,11.342857
2011-10-27,82.179998,82.71999699999999,79.249998,80.86000200000001,71190000,11.551428999999999
2011-10-28,80.280002,84.660002,79.599999,84.14000300000001,57769600,12.02
2011-10-31,83.63999799999999,84.090002,81.450002,82.080003,39653600,11.725715
2011-11-01,80.109998,80.999998,78.74,80.089997,33016200,11.441428
2011-11-02,80.709998,84.400002,80.109998,83.389999,41384000,11.912857
2011-11-03,84.130003,92.600003,81.800003,92.290003,94685500,13.184285999999998
2011-11-04,91.46999699999999,92.89000300000001,87.749999,90.019998,84483700,12.86
2011-11-07,91.0,93.839998,89.979997,90.830003,47485200,12.975715
2011-11-08,91.22999899999999,92.600003,89.650002,90.470001,31906000,12.924286
2011-11-09,89.000001,90.440001,87.999998,88.049999,28756000,12.578571
2011-11-10,89.290001,90.29999699999999,84.839999,85.11999899999999,39614400,12.16
2011-11-11,85.899997,87.949997,83.7,87.749999,38140200,12.535714
2011-11-14,87.989998,88.1,85.45,85.719999,21811300,12.245714
2011-11-15,85.15,87.050003,84.499998,86.279999,21372400,12.325714
2011-11-16,86.460003,86.460003,80.890002,81.180002,34560400,11.597142999999999
2011-11-17,80.77,80.999998,75.789999,76.460001,52823400,10.922857
2011-11-18,76.7,78.999999,76.039998,78.059998,34729100,11.151428
2011-11-21,77.0,79.980001,73.260001,74.47000200000001,44408000,10.638572
2011-11-22,69.210002,74.20000300000001,68.999997,70.449997,106696800,10.064285
2011-11-23,69.649999,70.77999799999999,68.419997,68.499999,44626400,9.785714
2011-11-25,68.16999799999999,69.619998,62.899998,63.86,38045000,9.122857000000002
2011-11-28,67.20000300000001,70.759997,66.81,69.949999,56503300,9.992857
2011-11-29,69.329998,69.389999,65.650001,67.569998,50081500,9.652857000000001
2011-11-30,69.02999799999999,69.319998,62.369999,64.530002,108332700,9.218572
2011-12-01,64.419999,68.439998,64.000003,67.170002,52402700,9.595715
2011-12-02,66.22,67.88999799999999,65.11000200000001,66.369997,39710300,9.481428
2011-12-05,66.949997,71.909997,65.299999,70.120003,67872000,10.017142999999999
2011-12-06,70.08000200000001,70.769998,66.81,68.139997,59470600,9.734285
2011-12-07,68.300001,72.770003,67.500003,71.959998,59046400,10.28
2011-12-08,71.530002,72.950001,69.089999,69.42,46216100,9.917143
2011-12-09,69.540003,71.679998,69.53000300000001,70.89,32909100,10.127142999999998
2011-12-12,69.740001,76.830003,69.520002,75.26,93400300,10.751429
2011-12-13,75.449998,77.59,71.600003,72.11000200000001,72621500,10.301428999999999
2011-12-14,69.57999699999999,71.649998,68.920002,71.039997,37184000,10.148571
2011-12-15,71.600003,71.959998,69.4,69.72,26247200,9.96
2011-12-16,70.189998,70.849999,69.160001,69.820003,32560500,9.974286
2011-12-19,69.790002,69.790002,66.930003,67.150002,24200400,9.592857
2011-12-20,68.650002,71.590003,68.219999,71.399999,30880500,10.2
2011-12-21,71.290003,72.410002,70.189998,70.97000200000001,25386900,10.138572
2011-12-22,71.11999899999999,74.400001,71.11999899999999,73.840001,25860800,10.548572
2011-12-23,74.13000100000001,74.579998,72.299999,72.62,22556100,10.374286
2011-12-27,72.299999,72.489997,70.199998,70.6,21940800,10.085714
2011-12-28,70.519999,71.000003,68.570001,69.200002,23597000,9.885715
2011-12-29,68.979997,69.889997,67.609999,69.29999699999999,26163200,9.9
2011-12-30,69.11,70.59,68.83,69.289997,21809200,9.898571
2012-01-03,70.28,72.72000200000001,70.130003,72.239998,29213800,10.32
2012-01-04,72.35,80.96999699999999,71.810001,80.449999,100489900,11.492857
2012-01-05,79.420002,81.859998,77.28,79.299999,86552900,11.328571
2012-01-06,79.120002,87.300002,78.699999,86.289999,125610800,12.327143
2012-01-09,89.61000200000001,99.649998,87.13999799999999,98.179997,214073300,14.025714
2012-01-10,99.800001,99.840002,92.500001,95.82999699999999,146335000,13.69
2012-01-11,94.989998,95.599998,91.449997,92.15,87148600,13.164285999999999
2012-01-12,92.48,93.370001,89.199999,92.15,61243000,13.164285999999999
2012-01-13,91.46999699999999,96.55,90.200002,94.379997,88839100,13.482857000000001
2012-01-17,96.000001,97.850003,94.330003,94.719998,58832200,13.531428
2012-01-18,93.180003,98.920001,92.250002,98.539999,66091200,14.077143
2012-01-19,99.659998,104.599998,99.659998,103.459998,78789900,14.78
2012-01-20,102.599998,104.77000100000001,99.689999,100.239998,53860800,14.32
2012-01-23,98.710003,99.619997,93.599999,93.960001,61086900,13.422857
2012-01-24,92.099998,94.689998,91.479998,92.66999799999999,41929300,13.238570999999999
2012-01-25,92.699999,95.500003,91.650002,95.039999,77953400,13.577143
2012-01-26,113.900003,119.36999499999999,112.060001,116.009998,158944100,16.572857
2012-01-27,115.799994,123.989994,114.279999,123.790003,102228700,17.684286
2012-01-30,124.759998,129.48,123.220003,125.43,105826000,17.918571
2012-01-31,124.990004,125.490002,117.749998,120.200001,84273700,17.171429
2012-02-01,121.410002,123.750002,118.249996,122.96999699999999,52306800,17.567142
2012-02-02,123.499996,125.749994,122.249994,123.999994,41126400,17.714285
2012-02-03,125.000004,127.489994,123.340006,126.429996,46788000,18.061428
2012-02-06,123.220003,130.599998,121.849998,129.249994,81617200,18.464285
2012-02-07,128.729996,133.429996,126.810005,127.880003,81435200,18.268572
2012-02-08,125.869997,127.390005,123.42999499999999,123.999994,51012500,17.714285
2012-02-09,124.410004,126.979996,122.15000500000001,124.84,40514600,17.834286
2012-02-10,124.049995,126.250006,122.86999499999999,123.930006,33901000,17.704287
2012-02-13,124.970003,124.980003,118.129993,118.29999699999999,52550400,16.9
2012-02-14,118.99,124.25,118.550003,123.07,52407600,17.581429
2012-02-15,123.629999,125.319998,121.08999399999999,122.06000300000001,37126600,17.437143
2012-02-16,122.209993,124.129997,119.999996,121.91,40575500,17.415714
2012-02-17,122.13000500000001,122.86999499999999,120.04999699999999,121.849998,25934300,17.407142999999998
2012-02-21,123.850004,126.150003,116.68,117.400003,80490900,16.771429
2012-02-22,114.91,115.000002,108.540001,112.399996,93191700,16.057142000000002
2012-02-23,111.550003,114.149996,111.160001,112.98999599999999,39762100,16.141428
2012-02-24,112.879993,113.950005,111.29999699999999,111.669999,27089300,15.952857
2012-02-27,108.050003,110.39000300000001,106.639997,109.410001,45077900,15.63
2012-02-28,108.409998,114.86999899999999,108.099998,113.320004,42196700,16.188572
2012-02-29,113.079998,113.89000300000001,109.760002,110.729998,37569000,15.818570999999999
2012-03-01,109.1,113.66999799999999,108.52,112.750004,36876000,16.107143
2012-03-02,112.489998,117.84,111.599998,115.100004,40653200,16.442857999999998
2012-03-05,114.699995,116.519997,110.709997,110.809999,27605200,15.83
2012-03-06,109.490003,109.579998,106.000003,107.130002,32221700,15.304286
2012-03-07,111.440001,111.440001,102.529997,105.189998,76797000,15.027142999999999
2012-03-08,105.950002,108.439999,103.999997,108.069997,45752700,15.438571
2012-03-09,106.999999,110.26,105.650002,109.13000100000001,37167200,15.59
2012-03-12,107.750003,110.749998,105.549999,106.200001,34559700,15.171429000000002
2012-03-13,107.879999,109.299998,105.149997,106.349998,30739800,15.192857
2012-03-14,105.819999,105.950002,102.899999,105.249999,36208200,15.035714000000002
2012-03-15,105.350001,110.650002,105.0,110.16999799999999,40880000,15.738570999999999
2012-03-16,110.26,111.71,107.559999,109.96,37198700,15.708571
2012-03-19,109.510003,115.000002,108.81,114.33,37095100,16.332857
2012-03-20,113.910004,116.750002,113.109999,115.020002,31507700,16.431429
2012-03-21,115.999998,120.89000300000001,115.620003,120.099998,47321400,17.157142999999998
2012-03-22,120.029997,123.479996,117.870001,118.72999399999999,42754600,16.961428
2012-03-23,119.43999699999999,121.179996,117.310001,120.190001,37734200,17.17
2012-03-26,121.590006,122.19000600000001,119.150003,121.990002,32428200,17.427143
2012-03-27,122.140005,123.469995,120.53999499999999,120.66999799999999,24382400,17.238571
2012-03-28,120.250002,121.000006,118.339998,118.809996,22874600,16.972857
2012-03-29,117.930002,118.59000400000001,112.999996,115.050003,32632600,16.435715
2012-03-30,115.51,117.290001,114.179996,115.040003,29270500,16.434286
2012-04-02,114.79999699999999,114.79999699999999,112.100002,113.970005,26645500,16.281429
2012-04-03,110.82,114.249998,109.750002,112.95999499999999,46004700,16.137142
2012-04-04,111.629998,112.549999,109.899999,110.26,20766200,15.751429000000002
2012-04-05,109.94,111.609998,109.319999,110.499999,22763300,15.785714000000002
2012-04-09,108.759999,109.68,106.629997,106.679998,22637300,15.24
2012-04-10,107.32,107.79999699999999,101.8,101.92000300000001,35105000,14.56
2012-04-11,103.24,103.71999699999999,98.519999,99.810001,52320800,14.258572000000001
2012-04-12,101.260001,104.929998,99.31000300000001,104.260003,33845000,14.894286
2012-04-13,104.909998,106.500001,102.309999,104.170001,27695500,14.881429
2012-04-16,104.609998,105.0,100.400002,101.149999,26727400,14.45
2012-04-17,101.699998,107.660001,101.689998,107.02,31110800,15.288571
2012-04-18,106.490001,108.719998,106.250002,106.959998,23503900,15.28
2012-04-19,105.070002,109.710001,104.279997,107.090001,25097100,15.298572
2012-04-20,107.519998,108.169999,105.670002,106.109999,18275600,15.158570999999998
2012-04-23,104.889997,105.0,101.79,101.840001,84274400,14.548572
2012-04-24,86.519998,89.999997,86.299999,87.679997,117393500,12.525714
2012-04-25,88.589998,88.589998,81.559998,86.35,83428800,12.335714
2012-04-26,85.600003,87.840001,83.810002,85.069998,55948900,12.152857000000001
2012-04-27,85.709999,85.89000300000001,82.999997,83.740001,36031100,11.962857000000001
2012-04-30,82.620002,82.870001,79.760003,80.13999799999999,52679200,11.448571000000001
2012-05-01,80.290002,82.68999699999999,78.999999,81.36,32983300,11.622857000000002
2012-05-02,80.739999,82.979997,80.159999,82.23,27384000,11.747143
2012-05-03,81.81000300000001,82.179998,75.52,75.970003,53015900,10.852858
2012-05-04,75.789999,76.4,72.11000200000001,73.13999799999999,63666400,10.448571000000001
2012-05-07,72.499997,75.620002,72.33,73.449999,28700000,10.492857
2012-05-08,73.069997,73.310002,70.58,72.789997,27203400,10.398571
2012-05-09,72.130002,74.929999,71.339997,74.349999,26118400,10.621428
2012-05-10,74.849998,74.98,72.100001,72.420002,26424300,10.345715
2012-05-11,72.889999,78.38999799999999,72.489997,77.380002,62239800,11.054286
2012-05-14,77.130003,78.649998,75.61000200000001,76.959999,37849700,10.994286
2012-05-15,77.77999799999999,79.299999,77.100002,77.479998,31319400,11.068571
2012-05-16,77.57,78.44,73.649997,74.20000300000001,36699600,10.6
2012-05-17,74.249997,74.410001,71.899997,71.969998,23778300,10.281428
2012-05-18,72.299999,72.750003,65.360001,69.959999,29415400,9.994286
2012-05-21,69.850003,72.18999699999999,67.54999699999999,71.74,25143300,10.248571
2012-05-22,71.800001,72.400002,67.249997,67.710001,40014800,9.672857
2012-05-23,67.47000200000001,72.150002,67.170002,71.909997,44100000,10.272857
2012-05-24,71.52000100000001,71.689999,69.500002,70.27,20742400,10.038571000000001
2012-05-25,70.6,73.51,69.889997,70.219998,33371100,10.031428
2012-05-29,71.059998,71.15,68.199999,69.440001,31997000,9.92
2012-05-30,68.47999899999999,68.999997,66.999998,67.339999,32890900,9.62
2012-05-31,66.699998,67.770002,62.369999,63.439997,53803400,9.062857000000001
2012-06-01,60.95,63.729997,60.700001,62.949999,35578200,8.992857
2012-06-04,63.249999,65.239998,62.369999,64.999999,35291200,9.285714
2012-06-05,65.009999,66.330003,64.250002,64.83000200000001,24048500,9.261429
2012-06-06,65.660001,68.370003,65.150002,65.879999,30676800,9.411427999999999
2012-06-07,66.600002,66.900002,64.409999,64.639997,21045500,9.234285
2012-06-08,64.369998,66.119998,63.729997,65.64,22017100,9.377142999999998
2012-06-11,66.389997,66.590002,62.98,63.0,22941100,9.0
2012-06-12,63.259999,64.359998,62.349998,63.02,20797700,9.002857
2012-06-13,62.599998,64.44,62.13,62.830003000000005,17924900,8.975715
2012-06-14,62.790002,63.149997,61.020001,62.659999,26137300,8.951428
2012-06-15,63.27,65.93,62.73,65.789997,33022500,9.398571
2012-06-18,65.06,66.949997,64.790001,66.72999899999999,22997800,9.532857
2012-06-19,66.900002,70.479998,66.550001,69.830003,27706700,9.975715
2012-06-20,69.480001,69.550003,67.609999,68.159998,26638500,9.737143
2012-06-21,68.26,68.439998,65.750003,65.839998,17690400,9.405714
2012-06-22,66.240001,68.27,65.700002,67.859998,18074700,9.694285
2012-06-25,67.81000300000001,69.53000300000001,66.399998,67.029999,30746100,9.575714
2012-06-26,67.210003,67.710001,66.340003,66.8,15611400,9.542857000000001
2012-06-27,67.029999,67.249997,65.599999,66.49,15383200,9.498571
2012-06-28,66.099998,68.060002,65.779997,67.36,15090600,9.622857000000002
2012-06-29,68.300001,68.759998,66.830001,68.489999,19991300,9.784286
2012-07-02,68.769999,68.900002,67.249997,67.849998,12992700,9.692857
2012-07-03,68.489999,72.779997,67.710001,72.04,25261600,10.291428999999999
2012-07-05,74.329999,82.900002,74.259997,81.720001,104498100,11.674286
2012-07-06,83.740001,85.399999,80.22,81.88999799999999,85261400,11.698571000000001
2012-07-09,82.979997,84.189998,80.149999,82.989997,43262800,11.855714
2012-07-10,83.72,83.800002,79.52999799999999,80.23,35242200,11.461428999999999
2012-07-11,80.099998,84.87,79.879999,81.639999,43044400,11.662857
2012-07-12,81.520003,85.500001,80.5,84.97000200000001,41447700,12.138572
2012-07-13,85.780001,86.650001,83.91999799999999,84.900001,39032000,12.128572
2012-07-16,85.109999,85.550002,82.630002,82.979997,20946800,11.854285
2012-07-17,83.250003,83.490002,80.669997,81.78000300000001,27820800,11.682858
2012-07-18,81.249997,82.910002,80.739999,81.269998,21576100,11.61
2012-07-19,81.96,84.829999,81.520003,83.12,29133300,11.874286
2012-07-20,82.660003,83.520002,81.500003,81.819997,24369800,11.688571000000001
2012-07-23,80.72999899999999,81.220003,78.500001,79.940001,30965200,11.42
2012-07-24,81.07,82.469998,77.809999,80.389997,64700300,11.484285
2012-07-25,64.210001,66.8,59.2,60.279998,173470500,8.611428
2012-07-26,59.310002000000004,59.459998999999996,56.140003,57.010003000000005,79756600,8.144286
2012-07-27,57.359998,59.270001,57.000003,58.92,38009300,8.417143
2012-07-30,58.93,59.959996999999994,56.330001,57.75,29932700,8.25
2012-07-31,57.45,58.32,56.610001000000004,56.849999,17320800,8.121428
2012-08-01,57.429999,57.780001,54.1,54.499999,33832400,7.785714
2012-08-02,54.280001,55.69,53.290001000000004,53.870001,23945600,7.695714
2012-08-03,54.860001000000004,55.480001,52.81,53.909999,37295300,7.701428
2012-08-06,54.54,57.17,54.11,56.789998,28527800,8.112857
2012-08-07,56.950002000000005,59.469999,56.549999,57.899997,30769900,8.271428
2012-08-08,57.570003,58.889998999999996,57.17,57.800001,18194400,8.257143
2012-08-09,57.590003,58.450003,57.250002,57.909997,16492700,8.272857
2012-08-10,57.659998,60.559998,56.900001,59.900002,35032200,8.557143
2012-08-13,61.219999,61.25,58.499997,59.910003,33324900,8.558572
2012-08-14,60.619999,63.100002,59.969997,61.759997999999996,48119400,8.822857
2012-08-15,62.029998,63.680002,61.82,63.259999,30844100,9.037142999999999
2012-08-16,63.459996999999994,64.590003,62.800002,64.31000300000001,17630900,9.187142999999999
2012-08-17,64.880003,65.519998,63.509997999999996,63.690002,22405600,9.098572
2012-08-20,63.640001,65.35,62.160001,64.240002,26658800,9.177143
2012-08-21,65.140002,66.649997,64.649998,65.599999,23355500,9.371428
2012-08-22,65.120002,66.399998,64.800001,65.400002,18030600,9.342857
2012-08-23,66.020002,66.439999,63.58,64.04999699999999,32580800,9.15
2012-08-24,63.090002,63.799997999999995,61.85,63.159997,26161800,9.022857
2012-08-27,63.320001,63.970002,62.260003000000005,62.389998999999996,18046700,8.912857
2012-08-28,62.240003,63.59,62.170001,62.949999,15859200,8.992857
2012-08-29,63.050001,63.849999,62.550003000000004,63.439997,15660400,9.062857000000001
2012-08-30,63.159997,63.380002000000005,60.170002000000004,60.480002,18679500,8.64
2012-08-31,61.310001,61.53,59.089997,59.719998,29560300,8.531428
2012-09-04,57.999999,57.999999,53.130001,55.929998,87416700,7.99
2012-09-05,55.600001,55.679999,54.329997999999996,54.96,38565100,7.8514289999999995
2012-09-06,55.610001000000004,56.789998,54.160001,56.650002,37297400,8.092857
2012-09-07,56.680002,57.800001,55.85,56.660002,29617700,8.094286
2012-09-10,56.340001,57.029996999999995,55.610001000000004,55.920002000000004,24892700,7.9885720000000005
2012-09-11,55.900001,57.369997999999995,55.099999,57.16,33040000,8.165714
2012-09-12,57.500001,58.529998,56.559999,57.210001,22096900,8.172857
2012-09-13,56.87,58.180003,56.090002,57.999999,24490900,8.285714
2012-09-14,58.499997,61.419996999999995,58.299999,60.520003,33067300,8.645715
2012-09-17,58.980001,59.000002,56.769998,57.020003,36278900,8.145715
2012-09-18,57.290003000000006,58.32,55.819998999999996,56.060001,30298100,8.008572000000001
2012-09-19,56.739996999999995,57.899997,55.7,57.039997,35348600,8.148571
2012-09-20,56.420003,58.789997,56.400002,58.740003,37217600,8.391428999999999
2012-09-21,59.429998,59.719998,57.409999,57.790001000000004,30074800,8.255714
2012-09-24,56.86,57.840002,56.29,56.390002,23661400,8.055715
2012-09-25,56.749997,56.960002,53.700001,53.8,41858600,7.685714
2012-09-26,53.990001,55.929998,53.049999,55.13,36625400,7.875714
2012-09-27,55.86,56.100002,54.160001,55.55,21350700,7.935714
2012-09-28,55.040001000000004,55.809999,54.219999,54.440001,15932700,7.777143
2012-10-01,54.600001,56.6,54.339999,56.050001,30765700,8.007143
2012-10-02,56.449996999999996,57.290003000000006,55.300001,56.459996999999994,21589400,8.065714
2012-10-03,58.390001,62.649999,58.249998,62.579997,76064800,8.94
2012-10-04,62.649999,67.269998,62.609998,66.669997,91616700,9.524285
2012-10-05,67.059999,68.199999,65.120002,66.560001,59170300,9.508572000000001
2012-10-08,71.38999799999999,74.229997,70.120003,73.52,92280300,10.502857
2012-10-09,68.900002,69.480001,65.400002,65.52999799999999,82145000,9.361428
2012-10-10,65.829998,67.929999,65.130002,65.499997,38742900,9.357142
2012-10-11,66.900002,67.1,65.229998,65.980001,22013600,9.425714
2012-10-12,65.79999699999999,66.600002,63.759997,64.32999699999999,20710200,9.19
2012-10-15,65.150002,65.180003,63.400002,64.76,20745200,9.251429
2012-10-16,64.899997,66.21,63.759997,66.050003,29302000,9.435715
2012-10-17,66.010002,68.82,65.64,68.52,26464200,9.788571000000001
2012-10-18,68.489999,69.840003,66.949997,67.36,26797400,9.622857000000002
2012-10-19,67.190002,67.500003,64.260002,64.97999899999999,22881600,9.282857
2012-10-22,64.359998,69.73,64.290003,67.879998,45678500,9.697142999999999
2012-10-23,67.299998,69.150001,66.06000300000001,68.219999,63498400,9.745714
2012-10-24,57.860003000000006,61.000001,57.399999,60.120001,100060100,8.588572000000001
2012-10-25,60.049999,61.670003,59.900002,61.509999,33046300,8.787142999999999
2012-10-26,61.55,70.239999,60.490003,69.57999699999999,103433400,9.94
2012-10-31,66.409998,84.950002,65.549998,79.239998,107308600,11.32
2012-11-01,77.849999,79.690001,74.65,77.690002,62669600,11.098572
2012-11-02,77.249999,79.849998,75.970003,76.899998,29650600,10.985714
2012-11-05,74.569998,78.939998,74.500003,78.240002,29016400,11.177143
2012-11-06,77.060001,79.950001,75.709997,76.36999899999999,39102700,10.91
2012-11-07,76.43,79.249998,76.43,77.680002,31099600,11.097142999999999
2012-11-08,78.15,80.330003,75.789999,75.970003,33381600,10.852858
2012-11-09,76.309998,78.880003,76.11,77.900001,23272900,11.128572
2012-11-12,78.999999,80.310002,78.010003,78.190001,18330200,11.17
2012-11-13,77.839999,80.93999699999999,77.340001,79.61,27170500,11.372857000000002
2012-11-14,80.000002,81.319999,78.75,79.779997,26910800,11.397142
2012-11-15,80.109998,81.899999,79.499997,81.480002,17400600,11.64
2012-11-16,81.27999799999999,83.099999,80.320003,80.900002,32164300,11.557143
2012-11-19,82.010001,82.989997,80.149999,81.36,23267300,11.622857000000002
2012-11-20,81.510003,83.7,81.120001,82.399997,15340500,11.771428
2012-11-21,82.499999,84.559999,82.499999,82.999997,10889900,11.857142
2012-11-23,83.41,83.750001,82.179998,82.95000300000001,8396500,11.85
2012-11-26,82.600001,82.88000100000001,80.069997,82.060002,13484100,11.722857000000001
2012-11-27,82.030002,83.500002,81.559998,83.079999,15524600,11.868571000000001
2012-11-28,82.749998,83.569997,81.81000300000001,82.23,14495600,11.747143
2012-11-29,82.39000300000001,82.779999,80.8,81.38,11473000,11.625714
2012-11-30,80.5,81.710001,79.33,81.710001,14986300,11.672857
2012-12-03,81.849998,81.97,75.499999,75.999997,29197700,10.857142
2012-12-04,75.509999,87.999998,74.500003,86.650001,101757600,12.378572
2012-12-05,86.599999,87.58000200000001,82.920002,83.36999899999999,59357900,11.91
2012-12-06,82.199999,88.559998,81.700001,86.17000300000001,38103800,12.31
2012-12-07,88.269998,89.779999,85.290003,85.97999899999999,34780200,12.282857
2012-12-10,85.999999,87.000002,84.499998,84.799998,14322700,12.114285
2012-12-11,85.300003,87.23,84.400002,86.080001,16028600,12.297143
2012-12-12,86.269999,93.150002,85.939998,90.73,54929000,12.961428999999999
2012-12-13,90.850003,93.32,89.870001,92.560002,28865900,13.222857000000001
2012-12-14,92.66999799999999,94.689998,92.000003,93.299999,27706700,13.328570999999998
2012-12-17,92.969998,94.989998,92.109999,94.699998,21660800,13.528571
2012-12-18,94.96999699999999,97.550003,94.250001,95.639999,29348200,13.662857
2012-12-19,96.600001,97.800002,93.45000300000001,93.980001,30674700,13.425714000000001
2012-12-20,94.330003,94.5,92.649998,93.499997,16611700,13.357142000000001
2012-12-21,92.04999699999999,92.880003,91.110003,91.340001,28430500,13.048572
2012-12-24,91.559999,91.849999,89.300001,90.230002,7193200,12.89
2012-12-26,89.84,92.899997,89.380003,90.649999,15166900,12.95
2012-12-27,90.589997,91.43999699999999,88.539997,90.500002,14898100,12.928572
2012-12-28,89.799999,90.550003,88.899999,89.33000200000001,11123000,12.761429
2012-12-31,89.380003,93.499997,89.010001,92.590003,18078900,13.227143
2013-01-02,95.210003,95.81000300000001,90.69,92.010003,19431300,13.144286
2013-01-03,91.97000200000001,97.91999799999999,91.529999,96.590001,27912500,13.798572
2013-01-04,96.54,97.71,95.539997,95.98,17761100,13.711429
2013-01-07,96.39000300000001,101.749999,96.119997,99.200001,45550400,14.171429000000002
2013-01-08,100.009999,100.990002,96.799999,97.160001,24714900,13.88
2013-01-09,97.12,97.949999,94.550001,95.909999,20223000,13.701428
2013-01-10,96.570001,99.919997,95.700001,98.0,26117700,14.0
2013-01-11,98.179997,101.92000300000001,98.0,101.290002,29851500,14.47
2013-01-14,100.990002,104.500002,100.559999,103.449998,23473100,14.778571
2013-01-15,103.02000100000001,104.359999,101.050003,101.689998,17068100,14.527142999999999
2013-01-16,101.820001,102.299998,96.759998,97.480001,28014700,13.925714000000001
2013-01-17,98.090002,98.6,95.750002,97.7,16221100,13.957142999999999
2013-01-18,100.38000100000001,101.93999699999999,98.680002,99.17,35999600,14.167143
2013-01-22,99.649998,99.649998,96.590001,97.810002,22773100,13.972857000000001
2013-01-23,97.13,103.83,97.019998,103.26,74235000,14.751429000000002
2013-01-24,143.98999799999999,149.169996,139.620005,146.859997,118805400,20.98
2013-01-25,145.669996,172.68,145.609995,169.55999599999998,191445800,24.222857
2013-01-28,172.509996,177.249998,160.789995,162.109999,109104800,23.158571
2013-01-29,158.130001,169.88000300000002,156.62999299999998,169.119999,59542000,24.16
2013-01-30,173.490005,175.499998,162.659998,167.700006,48062700,23.957144
2013-01-31,167.100006,168.999996,160.319998,165.240004,35601300,23.605715
2013-02-01,170.000006,172.999994,163.879999,164.799994,50358000,23.542856
2013-02-04,162.780001,175.13000300000002,162.780001,174.739994,50969100,24.962856
2013-02-05,172.37999299999998,177.889999,171.000002,174.389999,57056300,24.912857000000002
2013-02-06,175.0,185.349997,174.550003,184.410002,67190900,26.344286
2013-02-07,185.750006,188.879997,178.540001,181.959999,53086600,25.994286
2013-02-08,181.739994,183.960005,180.009995,180.970003,25657800,25.852857999999998
2013-02-11,178.979998,182.050001,174.799995,177.889999,29325100,25.412857000000002
2013-02-12,180.659996,183.55999599999998,175.710003,177.95000100000001,34399400,25.421429
2013-02-13,180.900002,186.399994,179.66,186.270004,40929000,26.610001
2013-02-14,187.290001,189.850006,184.68999499999998,187.400003,31979500,26.771428999999998
2013-02-15,188.570004,189.999996,186.260004,189.509998,26652500,27.072857
2013-02-19,191.000006,197.17,190.15,196.449997,34138300,28.064284999999998
2013-02-20,197.579996,197.61999699999998,186.499996,187.11999699999998,34996500,26.731428
2013-02-21,185.999998,192.200006,182.499998,187.149998,36894200,26.735714
2013-02-22,183.719999,183.790001,178.429998,179.860004,38971100,25.694285999999998
2013-02-25,180.990004,187.099997,175.449997,179.320005,52164700,25.617144
2013-02-26,180.599995,185.21999399999999,175.6,184.089994,33882100,26.298571000000003
2013-02-27,183.579996,185.999998,180.559994,184.32,22626800,26.331428999999996
2013-02-28,183.810001,192.130005,183.509995,188.080006,34293700,26.868571999999997
2013-03-01,187.109997,190.340004,186.210003,189.369995,21451500,27.052856
2013-03-04,188.680006,190.079998,176.659998,181.209995,47824000,25.887142
2013-03-05,184.669994,185.30999599999998,178.080004,181.729994,32326700,25.961428
2013-03-06,182.150003,184.960001,179.579998,182.93999499999998,17435600,26.134285000000002
2013-03-07,179.999994,182.499998,176.16,181.560003,28695800,25.937143
2013-03-08,182.449997,185.849995,180.709997,184.699995,23513000,26.385714
2013-03-11,184.000006,184.520004,179.009998,180.450005,21015400,25.778572
2013-03-12,179.360006,184.169996,179.250004,182.110003,21151900,26.015715
2013-03-13,187.400003,195.18999499999998,186.750002,192.359997,53898600,27.48
2013-03-14,192.69000400000002,192.69000400000002,187.069996,188.369999,28450800,26.91
2013-03-15,189.250006,189.989996,184.550005,184.849998,20667500,26.407142999999998
2013-03-18,181.379999,186.770002,180.549994,185.590002,18073300,26.512857
2013-03-19,185.999998,186.750002,179.250004,181.369999,19873700,25.91
2013-03-20,182.620001,183.850002,180.430004,183.049997,11132100,26.15
2013-03-21,182.399996,187.400003,181.969999,181.99,18804100,25.998571
2013-03-22,183.099998,183.860003,179.499996,181.299997,14189000,25.9
2013-03-25,182.429996,184.839998,179.770002,180.789999,15024800,25.827143
2013-03-26,184.000006,192.640003,183.599997,190.609997,46817400,27.23
2013-03-27,189.640001,197.059998,188.329998,190.240002,40475400,27.177143
2013-03-28,190.75,192.899996,188.600004,189.28000600000001,19588100,27.040001
2013-04-01,190.950005,191.500004,181.470001,182.429996,22947400,26.061428
2013-04-02,183.900003,185.180006,176.099998,176.689999,32280500,25.241428
2013-04-03,177.049994,178.329996,164.259995,169.74,75357800,24.248571
2013-04-04,167.369999,170.129995,163.809998,166.689997,34460300,23.812857
2013-04-05,163.520004,170.500004,162.52999499999999,164.66000400000001,32512900,23.522858
2013-04-08,165.830004,166.300001,158.999994,163.059994,31745000,23.294285000000002
2013-04-09,163.490004,171.36999699999998,162.049997,169.360004,34045900,24.194285999999998
2013-04-10,168.0,169.450006,164.909996,166.069996,29709400,23.724285000000002
2013-04-11,168.830006,173.400003,168.820005,173.009995,33056100,24.715714000000002
2013-04-12,176.990005,177.639994,171.200006,173.199999,37797900,24.742857
2013-04-15,175.559999,182.349995,174.799995,176.499994,46529000,25.214285
2013-04-16,174.969999,177.729996,172.270004,175.850006,29711500,25.121429
2013-04-17,174.339998,177.390001,168.270006,169.360004,27545700,24.194285999999998
2013-04-18,171.000002,171.899996,161.800005,163.819998,23121000,23.402857
2013-04-19,165.499996,169.17,163.03000600000001,163.370001,20163500,23.338572
2013-04-22,165.720001,176.499994,165.720001,174.369999,84870100,24.91
2013-04-23,215.569994,219.38000099999996,209.51000200000001,216.99,114860900,30.998571000000002
2013-04-24,217.6,224.300007,213.21999399999999,216.71999399999999,46898600,30.959999
2013-04-25,216.98,218.790001,213.26999500000002,213.750006,29274000,30.535715000000003
2013-04-26,217.0,217.130003,212.520004,215.549994,21790300,30.792856
2013-04-29,216.610004,217.73000299999998,212.010006,215.00999500000003,20787200,30.715714000000002
2013-04-30,214.599998,219.749996,214.240004,216.07000499999998,25071200,30.867144
2013-05-01,215.920002,217.389996,211.649998,212.91,18359600,30.415714
2013-05-02,213.239994,215.45000499999998,210.19000400000002,214.489996,18328800,30.641428
2013-05-03,215.77999900000003,218.230001,212.69999500000003,213.44999900000002,15431500,30.492857
2013-05-06,209.630005,212.45000299999998,204.019997,210.690002,31731000,30.098571999999997
2013-05-07,208.779999,210.519999,205.600006,206.249994,17079300,29.464284999999997
2013-05-08,204.930004,210.399996,204.52999499999999,208.609995,17623200,29.801428
2013-05-09,208.02999499999999,218.880003,206.52,216.41,36108800,30.915714
2013-05-10,216.41,219.749996,214.559998,217.690002,18844700,31.098571999999997
2013-05-13,217.170004,229.69001,217.14000299999998,229.37999,41357400,32.768570000000004
2013-05-14,231.990009,236.590008,230.79999500000002,233.97000099999997,38535700,33.424285999999995
2013-05-15,239.46999399999999,245.429996,237.830009,243.39999,36029700,34.771427
2013-05-16,246.95000499999998,248.849995,235.19998900000002,237.02999100000002,28053200,33.861427
2013-05-17,238.52999900000003,242.749989,236.000008,238.999996,20141100,34.142857
2013-05-20,238.44001,241.64999,236.759998,239.54999500000002,14765800,34.221428
2013-05-21,240.039993,240.900013,235.000011,237.08999300000002,11491200,33.869999
2013-05-22,234.399998,238.20000499999998,226.640007,228.559998,21769300,32.651428
2013-05-23,225.70001200000002,228.19998900000002,221.54999700000002,226.179996,16198000,32.311428
2013-05-24,225.229988,229.000008,224.500011,228.740002,11808300,32.677143
2013-05-28,231.750004,235.960007,212.980001,214.190002,39525500,30.598571999999997
2013-05-29,214.54999700000002,221.379993,209.909998,215.340002,34101900,30.762857
2013-05-30,216.030005,223.000004,211.54999500000002,222.659996,24087700,31.808571
2013-05-31,225.240002,229.579994,224.04998799999998,226.250011,25416300,32.32143
2013-06-03,227.05000299999998,227.5,217.57,221.96999399999999,21270900,31.709999
2013-06-04,220.120005,227.54998799999998,218.569996,225.30999,23006900,32.187141
2013-06-05,223.189995,228.000011,218.400005,223.46000099999998,33096000,31.922857
2013-06-06,222.119997,225.400005,213.999998,217.740004,26069400,31.105715000000004
2013-06-07,218.63999700000002,220.819994,215.649996,220.21999399999999,15299200,31.459999
2013-06-10,223.030005,223.329998,216.060005,220.929996,13812400,31.561428000000003
2013-06-11,217.850006,220.26999500000002,213.799994,214.45999500000002,14213500,30.637141999999997
2013-06-12,215.83,215.83,206.869995,207.639999,19108600,29.662857000000002
2013-06-13,207.989994,215.549994,205.749996,215.39000299999998,18511500,30.77
2013-06-14,214.770002,217.29000699999997,212.32,213.98999799999999,12495700,30.57
2013-06-17,225.540009,230.499989,223.749994,229.23,35851200,32.747143
2013-06-18,230.240009,231.0,226.400002,228.82998999999998,17476900,32.689999
2013-06-19,228.000011,235.88000499999998,227.609989,232.30999,22353100,33.187141
2013-06-20,229.470005,231.0,220.540001,223.520002,21116200,31.931428999999998
2013-06-21,225.05001099999998,226.38000099999996,214.20000299999998,216.899998,23398200,30.985714
2013-06-24,213.000002,219.079994,209.000004,215.599995,17896200,30.799999
2013-06-25,211.970005,213.5,207.559998,212.9,20918800,30.414285999999997
2013-06-26,214.54999700000002,218.250002,210.82000499999998,212.099995,18834200,30.299999
2013-06-27,212.91,216.729994,209.600004,214.96999399999999,18326700,30.709999
2013-06-28,214.270004,216.29999700000002,210.05000099999998,211.089998,19581100,30.155714
2013-07-01,213.62000299999997,225.32998999999998,212.000006,224.28000600000001,24517500,32.040001000000004
2013-07-02,225.229988,227.470013,217.999996,221.45999500000002,17730300,31.637141999999997
2013-07-03,222.119997,224.0,218.95000499999998,220.909996,8625400,31.558571
2013-07-05,222.08999599999999,225.249989,219.33,225.099998,9957500,32.157143
2013-07-08,226.979988,235.23998999999998,225.50999500000003,233.099995,24289300,33.299999
2013-07-09,235.04001200000002,247.409988,234.86999500000002,247.38000099999996,35509600,35.34
2013-07-10,245.549999,246.89999,239.20998799999998,243.82,22578500,34.831429
2013-07-11,247.999989,249.19998900000002,240.820011,244.169994,21146300,34.881428
2013-07-12,245.830006,257.430004,245.750004,257.259987,34238400,36.751427
2013-07-15,259.400009,259.850006,252.12999,257.98000299999995,20612900,36.854286
2013-07-16,257.29000099999996,266.369995,256.700001,260.480007,33356400,37.21143
2013-07-17,261.239998,268.259998,258.670006,267.91999100000004,19510400,38.274284
2013-07-18,270.310005,270.310005,264.000008,266.409996,20487600,38.058571
2013-07-19,267.429993,267.950005,263.17998900000003,264.579994,18120200,37.797142
2013-07-22,266.850006,268.749996,257.12001000000004,261.959988,47313700,37.422855
2013-07-23,251.400013,262.230007,246.200001,250.25998700000002,76829200,35.751427
2013-07-24,249.72000099999997,252.249992,240.19999700000002,241.29999500000002,33409600,34.471428
2013-07-25,240.560005,247.66000699999998,239.91000400000001,246.74001299999998,19634300,35.248573
2013-07-26,244.61999100000003,246.97999199999998,240.809998,246.30999,17826900,35.187141
2013-07-29,246.059998,250.67001000000002,242.499996,244.959999,13215300,34.994285999999995
2013-07-30,245.40000899999998,247.91,241.809994,243.759998,10890600,34.822857
2013-07-31,243.41000400000001,247.099995,241.94001,244.479988,13120800,34.925713
2013-08-01,246.540009,250.000008,244.570004,249.119987,14139300,35.588570000000004
2013-08-02,249.33999300000002,249.33999300000002,244.79999500000002,246.18,13879600,35.168571
2013-08-05,243.909988,253.89999,241.37999700000003,253.839989,22962100,36.262856
2013-08-06,253.95000499999998,257.59999500000004,250.10001,255.90000899999998,20413400,36.557144
2013-08-07,254.36000099999998,257.47000499999996,248.66000400000001,249.21000299999997,16328900,35.601428999999996
2013-08-08,251.87001,253.89999,248.45001200000002,250.39999,14800100,35.771427
2013-08-09,249.989994,253.709999,249.80000299999998,252.750004,12322800,36.107143
2013-08-12,251.28001,257.000008,250.419991,256.59999799999997,17804500,36.657143
2013-08-13,258.65000499999996,262.199993,253.26000200000001,259.189991,21940800,37.027142
2013-08-14,258.300011,263.789989,258.02000400000003,261.809998,17399900,37.401428
2013-08-15,259.0,260.48999399999997,251.360012,253.409992,16629200,36.201427
2013-08-16,253.20998799999998,260.150013,251.129993,258.87001000000004,21354200,36.981429999999996
2013-08-19,258.000004,263.499996,257.750011,259.779991,15497300,37.111427
2013-08-20,262.929996,273.540012,262.5,273.28999300000004,30140600,39.041428
2013-08-21,272.89001099999996,274.649998,267.500008,270.370007,21258300,38.624287
2013-08-22,272.519989,273.460011,268.230011,269.749992,9961700,38.535713
2013-08-23,270.049999,278.390003,269.019989,278.35998900000004,22285200,39.765713
2013-08-26,276.110004,289.93998700000003,274.039997,282.720009,31017700,40.388573
2013-08-27,279.149994,285.880001,274.500008,276.039989,23138500,39.434284000000005
2013-08-28,278.659996,285.000008,276.399998,283.359997,19355700,40.48
2013-08-29,284.02999900000003,290.230007,283.840008,287.850006,19059600,41.121429
2013-08-30,288.249989,288.830002,282.950001,283.909996,15149400,40.558571
2013-09-03,287.429996,290.709991,284.550011,288.999992,19969600,41.285713
2013-09-04,288.839989,293.060005,286.990013,292.430004,19701500,41.775715000000005
2013-09-05,296.800011,298.929993,294.42001,295.110012,19072200,42.158573
2013-09-06,296.330013,296.509991,290.199993,291.539997,17698800,41.648571000000004
2013-09-09,292.750011,295.300003,290.27999500000004,294.14999,13840400,42.021427
2013-09-10,297.5,313.240013,296.809998,313.060009,36682100,44.722858
2013-09-11,313.739998,314.180008,303.88001299999996,308.300007,29940400,44.042858
2013-09-12,301.839993,306.450005,298.350006,301.409996,21947800,43.058571
2013-09-13,301.999996,306.000008,299.189999,305.650013,15029700,43.664288
2013-09-16,309.999992,310.19001000000003,301.799992,302.16,14055300,43.165714
2013-09-17,302.039997,303.259998,297.700005,299.550007,18200700,42.792858
2013-09-18,298.96000699999996,307.679993,298.11998700000004,306.920002,13739600,43.845715000000006
2013-09-19,308.369995,308.750004,304.010002,305.499996,17449600,43.642857
2013-09-20,305.840004,315.89000699999997,305.619999,313.830013,30791600,44.832859
2013-09-23,320.390003,320.390003,299.519993,302.039997,32030600,43.148571000000004
2013-09-24,301.300007,309.40000499999996,300.34999799999997,306.490005,18780300,43.784286
2013-09-25,308.200005,310.800011,304.05998999999997,307.14000699999997,14639100,43.877144
2013-09-26,308.04000099999996,314.490002,307.499989,313.51000600000003,12460700,44.787144
2013-09-27,310.76001,313.519993,309.700012,312.399994,8299200,44.628571
2013-09-30,307.719994,312.15000200000003,305.199989,309.209988,12528600,44.172855
2013-10-01,314.770008,324.700008,314.000004,324.620007,29693300,46.374287
2013-10-02,322.089989,333.59999799999997,321.619991,330.73,30583700,47.247143
2013-10-03,331.01000600000003,334.499992,318.050003,321.719994,24613400,45.959998999999996
2013-10-04,323.68001200000003,328.300011,318.54000099999996,327.259987,16814000,46.751427
2013-10-07,324.03999300000004,326.969994,318.15000499999996,318.159992,14634900,45.451427
2013-10-08,319.290005,321.519989,299.570007,302.320004,28678300,43.188572
2013-10-09,300.22999599999997,300.57999,282.800011,288.429993,41948900,41.204285
2013-10-10,301.0,307.43,296.40000200000003,303.990002,30695000,43.427143
2013-10-11,304.310009,307.610004,300.129993,300.85001,19200300,42.978573
2013-10-14,310.60999300000003,325.270008,306.000008,324.36000099999995,45659600,46.337143
2013-10-15,325.099991,327.330002,319.339993,321.690006,26848500,45.955715000000005
2013-10-16,320.109997,325.5,318.259995,322.879993,18843300,46.125713
2013-10-17,322.209991,330.209988,319.66,330.09999799999997,19272400,47.157143
2013-10-18,334.000008,336.480011,327.59999500000004,333.499996,25454800,47.642857
2013-10-21,342.919998,355.41999100000004,340.099987,354.98999399999997,65090200,50.712856
2013-10-22,387.840012,389.159988,321.499989,322.520012,181099800,46.074287
2013-10-23,317.32,335.189995,316.999992,330.240002,58376500,47.177143
2013-10-24,331.440002,336.850006,323.660011,331.21999700000003,33559400,47.317142
2013-10-25,330.999992,337.200001,325.909996,328.029991,24062500,46.861427
2013-10-28,325.010002,330.959991,311.809994,314.000004,34260800,44.857143
2013-10-29,318.56998799999997,327.370003,309.200001,327.299988,30936500,46.757141
2013-10-30,328.719994,328.93001200000003,315.61998700000004,318.139992,21640500,45.448570000000004
2013-10-31,318.110004,326.650013,315.699989,322.480011,18489800,46.068573
2013-11-01,328.83000899999996,333.499996,325.900009,329.269993,22020600,47.03857
2013-11-04,330.950005,337.79000099999996,325.15000499999996,337.60001,21919100,48.228573
2013-11-05,335.539989,342.400013,333.049999,341.499992,17289300,48.785713
2013-11-06,339.490013,344.369991,332.78999300000004,335.630005,20733300,47.947144
2013-11-07,338.999989,339.66999100000004,325.159992,326.860004,20007400,46.694286
2013-11-08,326.920006,335.599991,325.52,334.90000200000003,19448800,47.842857
2013-11-11,332.749992,339.5,328.619991,337.910004,16815400,48.272858
2013-11-12,336.180004,339.5,331.349987,333.729988,12231800,47.675713
2013-11-13,333.21999,335.459988,329.100002,335.28001,11967900,47.897144
2013-11-14,335.790009,343.999996,335.120007,342.570004,20104700,48.938572
2013-11-15,344.60001,349.89001099999996,343.080002,349.759995,20152300,49.965714
2013-11-18,350.0,350.489998,339.5,341.770012,20247500,48.824287
2013-11-19,340.769989,346.820007,334.240013,337.289989,17057600,48.184284000000005
2013-11-20,343.34999500000004,346.35001,337.649998,339.52,19481700,48.502857
2013-11-21,342.240009,348.679996,341.67001,348.499992,15989400,49.785713
2013-11-22,348.830013,350.599987,343.999996,347.849991,14202300,49.692856
2013-11-25,346.900009,352.93,345.01000600000003,350.240005,13984600,50.034286
2013-11-26,350.500011,356.459988,347.57001099999997,355.200012,14683200,50.742859
2013-11-27,357.10998900000004,363.85001,353.54000099999996,362.490005,16832900,51.784286
2013-11-29,364.049988,367.800007,363.009991,365.799988,8388100,52.257141
2013-12-02,364.879993,367.960011,359.60999300000003,363.919998,11675300,51.988571
2013-12-03,361.889992,363.57999,356.499989,362.940002,13400800,51.848572
2013-12-04,360.589989,368.650013,356.249996,356.26999700000005,19395600,50.895714
2013-12-05,357.799992,361.130001,353.39001099999996,358.059998,13793500,51.151428
2013-12-06,361.040012,361.330006,351.999992,354.439995,12075700,50.634285
2013-12-09,355.169998,359.869999,353.60998900000004,355.67001,11718700,50.810001
2013-12-10,355.000008,364.44001000000003,353.319996,363.100006,14089600,51.871429
2013-12-11,364.369995,371.160004,362.220013,363.98,20066900,51.997143
2013-12-12,363.670006,374.840008,363.550003,373.330013,21318500,53.332859
2013-12-13,376.149998,377.000004,368.80998999999997,368.969994,17854900,52.709998999999996
2013-12-16,369.98000299999995,371.0,364.249992,366.31001299999997,13911100,52.330002
2013-12-17,366.749996,377.699993,366.270012,374.869995,18448500,53.552856000000006
2013-12-18,373.860012,377.000004,366.509991,376.240013,19881400,53.748573
2013-12-19,374.199993,379.85998900000004,373.349987,376.739998,13849500,53.82
2013-12-20,376.499992,379.689999,374.339996,375.669987,18817400,53.667141
2013-12-23,378.690002,383.430004,376.630009,380.580006,12624500,54.368572
2013-12-24,380.76001,383.960003,377.479988,378.389996,5577600,54.055714
2013-12-26,378.10998900000004,380.91,375.82999,376.92998900000003,12268900,53.847141
2013-12-27,377.10999300000003,378.750004,365.810001,367.5,16948400,52.5
2013-12-30,367.620003,369.53999300000004,359.03999300000004,366.990002,15075200,52.427143
2013-12-31,365.500008,369.149998,363.630005,368.170002,10516800,52.595715000000006
2014-01-02,366.809998,367.580002,360.800007,362.82,12325600,51.831429
2014-01-03,364.0,367.470013,362.90000200000003,363.100006,10817100,51.871429
2014-01-06,363.22999599999997,364.309994,353.33000899999996,359.569992,15501500,51.367142
2014-01-07,347.789989,347.889992,337.07001099999997,339.5,36167600,48.5
2014-01-08,336.73000299999995,345.979988,336.520012,340.98999399999997,20001100,48.712856
2014-01-09,341.770012,343.97999599999997,335.000004,337.050011,17007200,48.150002
2014-01-10,338.070007,338.64000699999997,330.52999500000004,332.139992,16237900,47.448570000000004
2014-01-13,331.130009,348.67001,331.130009,336.810005,27237000,48.115715
2014-01-14,341.439991,341.59999500000004,332.56998799999997,337.959991,19740000,48.279999
2014-01-15,335.000004,338.569992,319.07,330.380005,40432000,47.197144
2014-01-16,328.41,333.869991,322.02,331.680008,21135800,47.382858
2014-01-17,332.070004,334.82,328.240009,330.039997,16417100,47.148571000000004
2014-01-21,332.230007,332.470013,320.25,328.71000699999996,25220300,46.958572
2014-01-22,329.500011,334.439991,327.350002,333.729988,48342000,47.675713
2014-01-23,387.40000200000003,395.62998999999996,377.490002,388.72000499999996,91280000,55.531429
2014-01-24,383.679996,390.699997,383.37998999999996,386.079998,35466900,55.154284999999994
2014-01-27,387.389988,391.499989,370.55998999999997,381.230007,32526900,54.46143000000001
2014-01-28,381.319996,407.409992,380.76001,406.77000400000003,43590400,58.110001000000004
2014-01-29,403.11998700000004,407.340004,398.049992,400.420006,28968100,57.202858
2014-01-30,407.09999799999997,409.190006,401.509991,404.67001,18379200,57.810001
2014-01-31,402.310009,412.400013,402.299995,409.33000899999996,23625000,58.475716000000006
2014-02-03,411.90000200000003,412.149994,400.720013,404.37998999999996,20145300,57.76857
2014-02-04,405.450001,408.529991,397.009995,405.910011,18066300,57.987143999999994
2014-02-05,403.15000200000003,407.75,398.000004,404.41999100000004,16762900,57.774283999999994
2014-02-06,406.42001,410.909992,400.420006,407.910004,12852000,58.27285799999999
2014-02-07,413.44001000000003,430.5,410.559998,429.979988,32921000,61.425713
2014-02-10,429.429989,432.37000300000005,424.279991,430.439999,13812400,61.491428000000006
2014-02-11,429.959988,435.759987,425.510006,433.990013,13667500,61.998573
2014-02-12,434.779991,434.89999400000005,425.539993,428.930004,15673000,61.275715000000005
2014-02-13,425.69001,439.490005,425.000008,436.549992,18700500,62.364284999999995
2014-02-14,437.05999,437.700005,431.68998700000003,435.509995,11985400,62.215714
2014-02-18,436.959988,441.240005,427.999996,436.849998,15507800,62.407143000000005
2014-02-19,431.669987,436.25001100000003,427.970009,428.229988,16031400,61.175713
2014-02-20,430.35000999999994,437.76999299999994,429.159996,434.950008,11965100,62.135715000000005
2014-02-21,438.700001,438.700001,429.64999400000005,432.23,13483400,61.74714300000001
2014-02-24,435.46999400000004,449.690025,428.500008,447.000004,26043500,63.85714300000001
2014-02-25,449.999992,457.790024,445.00001100000003,453.030022,18700500,64.718575
2014-02-26,455.89999400000005,456.00002300000006,446.000008,448.789978,15010100,64.112854
2014-02-27,447.839996,454.13002,447.839996,452.230003,10304700,64.604286
2014-02-28,453.12999699999995,454.19998200000003,441.0,445.63001299999996,15751400,63.66143
2014-03-03,441.189991,445.74998899999997,438.099987,445.590012,13528200,63.655716000000005
2014-03-04,450.920013,455.0,445.590012,454.98002599999995,12387900,64.997147
2014-03-05,453.98999000000003,456.83998899999995,451.909996,453.499992,10868900,64.785713
2014-03-06,454.940025,458.000015,448.989983,450.510017,11809000,64.358574
2014-03-07,454.069992,454.54001600000004,445.51000999999997,448.369995,11573800,64.052856
2014-03-10,448.470024,448.779991,432.10000999999994,439.94998899999996,15439200,62.849998
2014-03-11,442.640011,446.679996,435.64999800000004,437.48,10448200,62.49714300000001
2014-03-12,433.67999299999997,439.499992,429.680008,436.58000599999997,12134500,62.368572
2014-03-13,439.710011,440.28000999999995,428.280003,430.05999,11390400,61.437141000000004
2014-03-14,427.730003,434.990009,422.99998899999997,424.490009,14989100,60.64143000000001
2014-03-17,428.18998700000003,430.80000700000005,422.31001299999997,422.720009,10695300,60.388573
2014-03-18,422.36998700000004,426.26000999999997,416.5,420.249992,14688100,60.035713
2014-03-19,419.87001,425.450005,417.06001299999997,420.08998899999995,10531500,60.012856000000006
2014-03-20,419.67000599999994,432.200012,419.49998899999997,424.27000400000003,14494900,60.610001000000004
2014-03-21,426.10000599999995,428.340004,405.73999399999997,405.990013,26770800,57.998573
2014-03-24,405.490002,406.449997,368.59999799999997,378.899994,42483700,54.128570999999994
2014-03-25,378.999996,384.93001200000003,365.75,370.839996,30356900,52.97714200000001
2014-03-26,373.01000600000003,377.450001,366.569992,372.28000299999997,27152300,53.182857999999996
2014-03-27,371.009987,377.83000899999996,361.53001,364.180004,28672000,52.025715000000005
2014-03-28,360.219994,369.000008,355.750011,358.870003,24699500,51.267143
2014-03-31,361.51001,366.860012,349.879997,352.030006,22125600,50.290001000000004
2014-04-01,351.75,365.249989,351.740013,364.690002,21338800,52.098572
2014-04-02,365.660011,371.049988,358.300003,362.880001,24194100,51.84
2014-04-03,361.330006,365.09999799999997,350.100002,354.68998700000003,21983500,50.669998
2014-04-04,355.450005,356.000004,335.879997,337.30998999999997,34958000,48.187141
2014-04-07,340.51001,348.189999,331.110008,337.999992,37351300,48.285713
2014-04-08,340.049999,350.790005,338.389988,348.889988,25761400,49.841427
2014-04-09,351.03001,353.900009,343.14999,353.03000299999997,20511400,50.432858
2014-04-10,354.47999599999997,357.480011,334.009995,334.730011,24871000,47.818573
2014-04-11,330.799988,334.82,323.609997,326.709988,30146200,46.672855
2014-04-14,332.889996,335.000004,325.54000099999996,331.580006,17994200,47.368572
2014-04-15,329.080002,331.569992,312.099987,326.27000400000003,30799300,46.610001000000004
2014-04-16,331.050007,333.969994,323.360004,331.409988,16114700,47.344284
2014-04-17,336.759991,349.730007,332.5,345.740009,32116000,49.39143
2014-04-21,349.300011,349.400013,338.299999,348.490005,47892600,49.784286
2014-04-22,376.630009,380.88001299999996,364.830006,372.89999,64702400,53.271427
2014-04-23,362.730011,367.5,352.999989,353.5,40285000,50.5
2014-04-24,352.500004,355.90000200000003,334.799999,344.07001099999997,30639000,49.152859
2014-04-25,337.46000699999996,341.410004,322.0,322.080002,33071500,46.011429
2014-04-28,318.050003,320.90000200000003,299.499992,314.209995,47123300,44.887142
2014-04-29,312.23999,324.629993,312.02999900000003,319.869991,23132900,45.695713
2014-04-30,317.919987,322.400009,310.250011,322.04000099999996,23618700,46.005714000000005
2014-05-01,324.050007,345.689995,323.050011,336.520012,37001300,48.074287
2014-05-02,337.509995,343.899994,334.049995,340.650013,26194700,48.664288
2014-05-05,338.070007,345.48000299999995,336.100002,344.380005,20330800,49.197144
2014-05-06,343.71999,347.72000099999997,325.640003,326.190002,22722700,46.598572
2014-05-07,326.130001,327.84,315.209991,320.53999300000004,25680900,45.791428
2014-05-08,317.159996,331.720009,314.360012,321.659992,21168700,45.951427
2014-05-09,322.080002,329.939995,317.349987,328.550003,17968300,46.935715
2014-05-12,330.85998900000004,345.529991,330.520008,345.449989,21395500,49.349998
2014-05-13,344.449993,354.27000400000003,340.740002,347.139988,20832000,49.591427
2014-05-14,347.049999,354.399994,346.05998999999997,351.87998999999996,19891900,50.268570000000004
2014-05-15,350.850006,351.79000099999996,339.379997,344.18998700000003,23370200,49.169998
2014-05-16,345.46999,349.970013,339.840008,349.879997,19072200,49.982857
2014-05-19,347.000011,367.219994,346.549988,364.500011,25393200,52.07143
2014-05-20,365.01001,372.700012,362.39999,371.670002,28828100,53.095715000000006
2014-05-21,375.11998700000004,390.69001000000003,373.349987,390.59999500000004,39939900,55.799999
2014-05-22,390.880001,397.499992,387.500004,391.799995,33222700,55.971428
2014-05-23,391.639992,402.470013,389.66,402.35001,22122100,57.478573
2014-05-27,401.999989,402.219994,393.150013,398.810009,26735100,56.972857999999995
2014-05-28,397.200012,405.200008,393.500008,401.239998,19873700,57.32
2014-05-29,403.399994,415.990002,399.549999,415.199997,22844500,59.314285
2014-05-30,415.179996,421.740013,411.610008,417.82999,29248800,59.689999
2014-06-02,419.479988,422.91,412.499989,422.059994,20480600,60.294284999999995
2014-06-03,419.990013,425.59999500000004,417.049999,417.57001099999997,17133200,59.652859
2014-06-04,416.76000600000003,424.499996,413.300007,423.210007,17432800,60.458572
2014-06-05,423.749992,429.400002,418.570007,428.349991,18930800,61.192856000000006
2014-06-06,430.01000199999993,434.890007,428.360004,430.130005,15730400,61.447143999999994
2014-06-09,429.500004,430.64999000000006,420.08998899999995,423.090004,16678900,60.44142900000001
2014-06-10,425.51999299999994,436.039993,425.020008,428.289989,22920100,61.184284
2014-06-11,425.23,432.59999500000004,425.000008,429.99998899999997,13745900,61.42856999999999
2014-06-12,429.07000700000003,430.250008,420.50001100000003,422.44998899999996,15803200,60.349998
2014-06-13,422.99998899999997,427.89999400000005,417.210003,427.71000300000003,15778700,61.101429
2014-06-16,426.530003,431.21000300000003,423.419998,430.259995,12506200,61.465714
2014-06-17,438.040012,448.08998899999995,437.76999299999994,443.64999400000005,28996100,63.378570999999994
2014-06-18,443.66999400000003,450.819984,440.249996,448.680016,18786600,64.097145
2014-06-19,449.42999299999997,449.490021,438.06001299999997,441.389996,17308200,63.055714
2014-06-20,441.200005,442.87999,434.97999599999997,440.180008,13222300,62.882858
2014-06-23,439.359989,441.859993,435.549995,439.51999299999994,10672900,62.78856999999999
2014-06-24,438.049999,449.94001799999995,435.500008,436.36000099999995,20367200,62.337143000000005
2014-06-25,434.999996,444.760006,433.32999800000005,444.210007,15752100,63.458572
2014-06-26,440.790009,442.13999900000005,436.749996,439.610008,14237300,62.80143
2014-06-27,438.319992,443.19001,437.39999800000004,442.07999800000005,15587600,63.154284999999994
2014-06-30,442.859989,446.86998700000004,439.69001,440.599991,10588900,62.942856000000006
2014-07-01,456.229988,473.68,455.29998,473.100014,37995300,67.585716
2014-07-02,473.47999599999997,475.87001,466.03998600000006,466.739975,17309600,66.677139
2014-07-03,470.16002699999996,472.62000300000005,468.87001,472.349983,11359600,67.478569
2014-07-07,472.099991,472.22997999999995,460.000008,460.619995,18296600,65.802856
2014-07-08,459.649986,460.99997699999994,439.279987,445.049999,26182800,63.578571
2014-07-09,446.18001200000003,449.340004,439.73001100000005,442.999992,21011200,63.285713
2014-07-10,434.389996,444.190006,428.200001,438.55001100000004,24388700,62.650002
2014-07-11,441.460011,444.130005,437.15000499999996,439.96000300000003,14219100,62.851429
2014-07-14,443.299999,455.48001100000005,439.000008,452.580025,17433500,64.654289
2014-07-15,450.689995,451.37001,442.26998899999995,449.090012,13505800,64.155716
2014-07-16,454.069992,455.69998899999996,443.400002,444.439999,13438600,63.491428000000006
2014-07-17,443.27999900000003,448.85000599999995,438.290005,439.359989,13266400,62.765713
2014-07-18,440.810009,444.299995,435.75,444.17000599999994,11760700,63.452858
2014-07-21,451.69001799999995,457.49997699999994,447.619991,451.949997,34671000,64.564285
2014-07-22,442.979992,444.66999100000004,425.060009,431.09,57174600,61.584286
2014-07-23,430.41001100000005,435.409992,426.51000199999993,427.89999400000005,17267600,61.128570999999994
2014-07-24,429.46999000000005,430.210007,419.02000400000003,425.37999,18621400,60.76857
2014-07-25,425.000008,428.169987,420.400009,421.859989,11610200,60.265713
2014-07-28,422.210011,425.909988,418.519993,424.66,11960900,60.665714
2014-07-29,423.210007,428.389992,423.210007,424.279991,9282000,60.611427
2014-07-30,424.74998899999997,435.289989,424.310005,434.360008,15263500,62.05143
2014-07-31,430.259995,432.96999000000005,421.289989,422.720009,13820100,60.388573
2014-08-01,421.759987,427.730003,412.510002,425.39999000000006,18947600,60.771427
2014-08-04,427.200005,429.99998899999997,420.779991,422.700008,10686900,60.385715000000005
2014-08-05,421.300003,427.999996,420.309994,422.849998,10653300,60.407143000000005
2014-08-06,420.999996,434.89999400000005,420.549999,430.299995,15835400,61.471428
2014-08-07,435.300003,449.950005,434.549999,449.669998,27313300,64.238571
2014-08-08,450.199997,450.97000099999997,442.05001100000004,445.849991,15495200,63.692856000000006
2014-08-11,449.22000099999997,457.64999400000005,448.709976,451.54000099999996,13246800,64.505714
2014-08-12,451.349983,453.000008,443.409988,446.410004,10845100,63.77285799999999
2014-08-13,448.600014,454.220009,446.82,451.530014,9058000,64.504288
2014-08-14,452.209976,455.0,448.219978,450.870026,6676600,64.410004
2014-08-15,451.490013,462.0,448.600014,459.08997300000004,22036700,65.584282
2014-08-18,462.059975,469.499985,461.25002300000006,465.999985,13496000,66.571426
2014-08-19,467.089996,470.500008,462.43002300000006,468.14999400000005,10897600,66.878571
2014-08-20,467.000008,473.750015,464.539978,472.18998,12163900,67.455711
2014-08-21,471.27999900000003,476.150017,467.669983,472.050003,11746700,67.435715
2014-08-22,470.94001799999995,479.549988,470.05001100000004,479.18998,13735400,68.455711
2014-08-25,481.54998,485.300026,477.530022,480.92999299999997,13484800,68.704285
2014-08-26,478.49997699999994,481.850014,474.54998,479.36002300000007,10137400,68.480003
2014-08-27,479.40002400000003,480.24997699999994,473.63001299999996,474.699997,10394300,67.814285
2014-08-28,472.650017,477.47997999999995,470.809975,475.210022,7584500,67.887146
2014-08-29,476.85000599999995,480.50002300000006,474.13998399999997,477.63998399999997,9838500,68.23428299999999
2014-09-02,478.49997699999994,478.790024,474.58998099999997,476.600014,8806700,68.085716
2014-09-03,480.519997,487.599998,476.52999900000003,477.389992,16219000,68.19856999999999
2014-09-04,479.109978,481.69001,472.130005,472.66999100000004,11958800,67.524284
2014-09-05,473.230003,477.349991,470.069984,475.67999299999997,11953200,67.954285
2014-09-08,474.400017,480.599998,474.200012,479.33000899999996,7668500,68.475716
2014-09-09,486.299995,489.290024,476.400009,479.01000199999993,19737900,68.43
2014-09-10,480.19998899999996,484.75,477.040024,484.389992,9104900,69.19856999999999
2014-09-11,482.56997699999994,484.359978,479.66999100000004,481.56002,7865200,68.794289
2014-09-12,483.650002,484.88997699999993,476.12000300000005,476.550026,13425300,68.078575
2014-09-15,477.540009,477.540009,456.84997599999997,457.75002300000006,20617100,65.39286
2014-09-16,448.400009,458.139992,445.599998,456.910004,26838700,65.272858
2014-09-17,456.910004,458.869995,451.290009,454.529976,12133100,64.932854
2014-09-18,457.470016,461.35998499999994,453.320015,459.010025,10630200,65.572861
2014-09-19,460.99997699999994,461.330025,454.170021,457.52000400000003,11960900,65.360001
2014-09-22,456.26998899999995,456.950005,438.880005,442.779987,16169300,63.254284
2014-09-23,441.229992,448.009987,440.49998899999997,443.900013,11471600,63.414288
2014-09-24,444.45999900000004,451.660004,442.540009,450.560005,9551500,64.36571500000001
2014-09-25,449.900017,452.35000599999995,442.42000599999994,443.48999000000003,9839900,63.355713
2014-09-26,445.00001100000003,450.640007,443.88999900000005,448.74997699999994,10404800,64.10714
2014-09-29,444.070004,450.539978,442.019997,449.55998200000005,9516500,64.22285500000001
2014-09-30,452.30001799999997,457.19001,449.799988,451.17999299999997,12472600,64.454285
2014-10-01,448.69000199999994,449.999992,437.290009,438.800003,15416100,62.685715
2014-10-02,438.90000499999996,450.48999000000003,437.880009,449.980019,18450600,64.28286
2014-10-03,453.190025,460.60002099999997,452.51000999999997,459.540024,15290100,65.648575
2014-10-06,462.0,467.20999900000004,460.99997699999994,463.47997999999995,13709500,66.211426
2014-10-07,461.10000599999995,466.279991,456.00002300000006,456.250015,13759200,65.178574
2014-10-08,456.65002400000003,467.60002099999997,451.37999699999995,466.859978,14332500,66.694283
2014-10-09,466.63001299999996,467.98999000000003,459.55999800000006,461.62001799999996,14928200,65.945717
2014-10-10,459.800003,464.840012,451.440025,452.079987,19110700,64.58285500000001
2014-10-13,451.250008,452.470009,433.000004,438.57999800000005,20216700,62.654284999999994
2014-10-14,445.51000999999997,451.98999800000007,438.130001,449.120026,16747500,64.160004
2014-10-15,444.470013,450.979988,430.17999299999997,448.58997300000004,59927700,64.084282
2014-10-16,332.729992,366.17001,330.999992,361.700001,92304800,51.671428999999996
2014-10-17,359.809998,360.070004,341.499992,357.089989,79160900,51.012856
2014-10-20,356.000004,369.189999,355.550007,359.21999700000003,33529300,51.317142
2014-10-21,362.259987,366.789997,355.439991,365.990005,19365500,52.284286
2014-10-22,368.98999399999997,381.980011,363.200008,374.64999,32150300,53.521427
2014-10-23,380.52000400000003,385.77000400000003,378.249992,383.040009,19916400,54.720001
2014-10-24,382.579998,386.999992,380.809998,385.02,14657300,55.00285699999999
2014-10-27,383.90000200000003,384.499989,376.699997,379.40000499999996,14944300,54.200001
2014-10-28,379.75,386.870003,378.34999500000004,386.22000099999997,11736900,55.174285999999995
2014-10-29,386.22000099999997,386.68001200000003,377.770008,378.100002,12507600,54.014286
2014-10-30,377.510002,382.339993,374.600002,379.01001,10593800,54.144287
2014-10-31,384.400013,393.77,384.000004,392.77000400000003,20470100,56.110001000000004
2014-11-03,393.229988,395.52,385.10998900000004,388.410011,17581200,55.487143999999994
2014-11-04,386.91999100000004,387.250011,378.77000400000003,382.78000299999997,11389700,54.682857999999996
2014-11-05,385.61000099999995,387.840012,376.390003,380.380001,13645800,54.34
2014-11-06,378.0,385.329994,377.34999799999997,383.299988,9991800,54.757141000000004
2014-11-07,383.439991,385.249992,379.300003,384.160007,9303700,54.880001
2014-11-10,383.000008,389.450008,378.999996,387.270012,9711100,55.324287
2014-11-11,387.270012,394.09999500000004,381.809994,382.550011,14838600,54.650002
2014-11-12,381.130005,385.959995,377.040005,383.86000099999995,10958500,54.837143000000005
2014-11-13,384.459988,385.049988,377.53000299999997,379.409992,10490200,54.201427
2014-11-14,379.380005,387.21999700000003,378.57,386.039997,10988600,55.148571
2014-11-17,385.380009,389.499996,380.749996,381.139992,9225300,54.44857
2014-11-18,380.999989,384.899998,380.529991,381.03000299999997,7921200,54.432857999999996
2014-11-19,383.20999900000004,387.050007,362.659996,363.100006,24515400,51.871429
2014-11-20,363.089993,373.259998,361.000011,368.139988,15425200,52.591427
2014-11-21,372.480007,373.250011,359.500004,360.27999500000004,17878000,51.468571000000004
2014-11-24,360.560001,363.459988,355.39999,356.47000099999997,17864000,50.924285999999995
2014-11-25,351.01999700000005,352.42998900000003,343.999996,348.98999,28100800,49.855713
2014-11-26,351.079998,353.689991,348.220013,351.16,10063200,50.165714
2014-11-28,353.589989,354.000011,345.990002,346.589989,6702500,49.512856
2014-12-01,344.999992,347.000011,337.64001099999996,341.81001299999997,11964400,48.830002
2014-12-02,341.299988,353.339996,340.840004,352.31001299999997,14271600,50.330002
2014-12-03,351.549995,355.12001000000004,344.269989,355.12001000000004,13819400,50.731429999999996
2014-12-04,352.999989,357.950008,349.360012,350.599987,11853800,50.085712
2014-12-05,351.03001,354.499996,348.129997,350.919994,9930200,50.131428
2014-12-08,349.169994,349.879997,338.030006,339.48,13621300,48.497143
2014-12-09,334.739998,345.36000099999995,329.02,343.779991,17976700,49.111427
2014-12-10,343.14999,344.73,333.66,334.31998799999997,12644800,47.759997999999996
2014-12-11,336.089989,340.90000499999996,333.590012,334.630009,11769100,47.804287
2014-12-12,331.919987,338.259998,328.859997,334.479992,13521200,47.782856
2014-12-15,336.389996,338.93,326.330006,327.040009,12019000,46.720001
2014-12-16,324.990002,329.489998,315.999996,316.440006,16947700,45.205715000000005
2014-12-17,317.629993,335.069992,315.540012,333.650013,20192900,47.664288
2014-12-18,338.800011,342.499989,330.629997,334.41999100000004,15639400,47.774284
2014-12-19,335.300011,341.040009,333.350006,340.11998700000004,15047900,48.588570000000004
2014-12-22,339.800007,344.68001200000003,334.240013,336.67998900000003,7994000,48.097141
2014-12-23,338.01000600000003,338.999989,332.310009,336.429996,8291500,48.061428
2014-12-24,336.509998,343.489998,335.990013,342.100006,5411000,48.871429
2014-12-26,341.909988,346.39001099999996,339.740005,340.049999,8847300,48.578571000000004
2014-12-29,335.790009,343.73000299999995,333.57001099999997,341.92998900000003,8588300,48.847141
2014-12-30,341.000008,343.97999599999997,339.769993,343.229992,7011200,49.032856
2014-12-31,343.229992,345.740009,341.51000600000003,341.610008,8627500,48.801429999999996
2015-01-02,344.059998,352.32,341.12001000000004,348.940002,13475000,49.848572
2015-01-05,344.810001,344.810001,330.03001,331.179996,18165000,47.311428
2015-01-06,331.42998900000003,333.47999599999997,319.63001299999996,325.509987,16037700,46.501427
2015-01-07,331.42998900000003,331.950001,323.89999,327.200012,9849700,46.742859
2015-01-08,329.839993,334.849987,325.35001,334.459991,9601900,47.779999
2015-01-09,333.419994,336.140003,328.289997,329.28999300000004,9578100,47.041428
2015-01-12,329.630001,330.389992,316.850002,318.829994,12944400,45.547142
2015-01-13,322.14999,329.340008,321.300011,323.79000099999996,18721500,46.255714000000005
2015-01-14,329.500011,331.589993,319.760002,324.239998,19871600,46.32
2015-01-15,325.829994,327.499992,320.909988,323.759987,11669000,46.251427
2015-01-16,328.000004,337.75,324.669994,337.340004,19696600,48.191429
2015-01-20,340.000011,350.0,334.000008,348.799999,40551000,49.828571000000004
2015-01-21,414.64001099999996,414.68001200000003,401.869999,409.27999500000004,66902500,58.468571
2015-01-22,410.000011,429.62000700000004,404.799999,428.440006,33319300,61.205715000000005
2015-01-23,426.919998,439.200012,426.16999400000003,437.45999900000004,26784100,62.494285999999995
2015-01-26,438.00001100000003,447.28999699999997,433.69999299999995,446.559994,21268800,63.794284999999995
2015-01-27,441.61000099999995,457.379974,441.34999500000004,454.170021,24612700,64.88143199999999
2015-01-28,453.190025,453.749985,441.57,442.460007,24532900,63.208572
2015-01-29,442.42999299999997,447.49000199999995,437.5,443.80001100000004,15127700,63.400002
2015-01-30,441.930008,447.890011,438.590012,441.799992,13215300,63.114284999999995
2015-02-02,439.900002,443.99998899999997,433.690006,441.06998799999997,12990600,63.009997999999996
2015-02-03,443.23999800000007,458.269981,439.10999699999996,456.91999100000004,16440200,65.274284
2015-02-04,455.289993,456.22000099999997,447.22999599999997,448.709976,12450900,64.101425
2015-02-05,451.789993,455.970009,445.66,448.90998099999996,14248500,64.129997
2015-02-06,449.75,451.000015,442.229988,444.35999699999996,8898400,63.48
2015-02-09,442.389992,446.499992,438.459995,443.07000700000003,8173200,63.295715
2015-02-10,444.21999400000004,456.099998,441.71000300000003,453.94998899999996,15418900,64.849998
2015-02-11,453.81001299999997,462.989983,451.900009,454.88998399999997,13953100,64.98428299999999
2015-02-12,455.409996,459.24997699999994,451.16001900000003,456.73002599999995,8464400,65.247147
2015-02-13,458.000015,466.40998099999996,457.96001399999994,466.100014,12968900,66.585716
2015-02-17,465.61001600000003,471.60000599999995,461.609978,469.960022,11170600,67.137146
2015-02-18,469.160004,476.48999800000007,466.519997,475.060005,10316600,67.86571500000001
2015-02-19,474.99997699999994,481.000008,473.020012,474.60002099999997,10432100,67.800003
2015-02-20,475.64997900000003,478.61998,473.460022,478.199997,9422000,68.314285
2015-02-23,478.10002099999997,478.199997,470.00002300000006,471.840012,9031400,67.405716
2015-02-24,471.609993,476.58997300000004,471.48999000000003,474.879974,6075300,67.839996
2015-02-25,474.650009,481.56002,474.650009,478.329987,6854400,68.33285500000001
2015-02-26,480.38002,486.5,479.01000199999993,483.030014,10852800,69.004288
2015-02-27,483.57,486.000015,474.73001100000005,474.909988,11516400,67.844284
2015-03-02,474.000008,480.24997699999994,470.63998399999997,480.24997699999994,10187100,68.60714
2015-03-03,478.409988,479.20002,472.549988,474.70998399999996,7426300,67.815712
2015-03-04,472.709991,475.479988,463.279976,469.77000400000003,17453800,67.110001
2015-03-05,472.000015,472.250008,464.93998700000003,467.650009,11244800,66.807144
2015-03-06,466.50002300000006,468.479988,453.909988,454.11998,12888400,64.87428299999999
2015-03-09,454.929985,455.650002,439.799999,445.63001299999996,18970700,63.66143
2015-03-10,441.109989,443.46000300000003,433.87999699999995,435.05999800000006,17947300,62.151428
2015-03-11,435.68001200000003,447.57999,435.68001200000003,440.189995,16363200,62.884285
2015-03-12,443.429989,452.079987,443.380001,448.32000700000003,14654500,64.045715
2015-03-13,447.349998,448.400009,436.569992,438.39999400000005,10161200,62.628570999999994
2015-03-16,430.82999400000006,430.82999400000006,417.339993,421.97000499999996,26796000,60.281429
2015-03-17,417.98999399999997,424.860004,415.689995,418.519993,18428200,59.78856999999999
2015-03-18,418.169998,424.55001100000004,415.09999500000004,423.119991,14634900,60.445713
2015-03-19,423.21999400000004,428.48000700000006,421.79000099999996,425.20999900000004,11449900,60.744285999999995
2015-03-20,429.36000099999995,432.499992,426.269997,428.300003,13641600,61.185715
2015-03-23,426.22999599999997,428.090012,422.31001299999997,425.000008,7664300,60.714287
2015-03-24,427.950008,441.69000199999994,427.83000599999997,438.279991,16888900,62.611427
2015-03-25,438.789989,438.840004,421.70999900000004,421.75,21652400,60.25
2015-03-26,417.399994,423.130005,415.72999599999997,418.259987,16039100,59.751427
2015-03-27,415.31001299999997,418.92998900000003,410.009998,414.77,15852200,59.25285699999999
2015-03-30,418.009995,423.949997,415.549992,422.569992,13272700,60.367142
2015-03-31,420.77000400000003,422.93998700000003,416.190006,416.689991,14248500,59.527142000000005
2015-04-01,417.499996,418.499992,410.920006,413.120003,14639800,59.017143000000004
2015-04-02,413.500011,417.250004,412.029991,414.079998,9864400,59.154284999999994
2015-04-06,411.37998999999996,423.130005,409.250008,422.31001299999997,10730300,60.330002
2015-04-07,423.48,425.94000199999994,420.30000700000005,423.45999900000004,9977100,60.494285999999995
2015-04-08,428.409992,441.750004,428.289989,441.34999500000004,22327900,63.049999
2015-04-09,441.0,441.950008,434.799992,439.499992,13455400,62.785713
2015-04-10,450.779984,454.969986,447.630005,454.56997699999994,22367100,64.938568
2015-04-13,470.679985,484.999992,469.400009,474.68002300000006,44436700,67.811432
2015-04-14,481.99997699999994,484.00002300000006,471.949974,478.710022,28641900,68.387146
2015-04-15,480.92999299999997,480.92999299999997,471.55001799999997,475.46001399999994,42528500,67.922859
2015-04-16,532.0,568.75,530.000008,562.04998,104500900,80.292854
2015-04-17,558.450005,575.000023,558.000008,571.550011,58306500,81.650002
2015-04-20,572.499992,576.129982,562.670021,567.3900219999999,30766400,81.055717
2015-04-21,568.639984,570.389984,558.600021,560.4400099999999,15925700,80.062859
2015-04-22,561.47998,564.990021,556.81002,557.68,12089700,79.668571
2015-04-23,557.590012,562.400002,552.68998,559.0600049999999,12687500,79.86571500000001
2015-04-24,561.210014,565.659996,556.549988,558.400017,11045300,79.771431
2015-04-27,562.04998,572.499992,561.6100230000001,566.079979,15246700,80.86856800000001
2015-04-28,564.1299740000001,568.950005,559.6099780000001,563.0599900000001,8826300,80.437141
2015-04-29,560.489998,567.3900219999999,557.51001,562.849998,9534700,80.407143
2015-04-30,561.660011,565.850014,553.8699799999999,556.5,10565100,79.5
2015-05-01,558.98999,559.7699809999999,552.26001,557.029999,8906100,79.575714
2015-05-04,556.9999849999999,558.000008,552.300011,554.900017,7967400,79.271431
2015-05-05,568.6699980000001,577.099991,565.299988,565.54998,27116600,80.792854
2015-05-06,567.200005,568.500008,556.650017,560.539986,11504500,80.077141
2015-05-07,560.800018,565.56002,556.20002,565.240013,10220700,80.748573
2015-05-08,567.289993,575.069984,566.750008,574.600014,13828500,82.085716
2015-05-11,576.2700120000001,593.999977,575.3000030000001,589.950005,23882600,84.278572
2015-05-12,586.659996,586.659996,580.950012,583.6400070000001,11907000,83.377144
2015-05-13,583.830025,589.380005,578.840004,580.1099929999999,11155900,82.872856
2015-05-14,582.999992,587.470001,576.310013,586.850014,8898400,83.835716
2015-05-15,604.550018,618.4400019999999,600.290001,613.249977,37053100,87.60714
2015-05-18,612.81002,619.740005,609.169991,617.870003,14812000,88.267143
2015-05-19,622.220009,628.499992,614.669983,616.480011,19101600,88.068573
2015-05-20,617.500008,623.760017,611.539978,621.530006,12756800,88.790001
2015-05-21,623.57,626.9999849999999,617.269989,623.019974,12767300,89.002853
2015-05-22,624.2500150000001,625.849998,620.849991,621.869987,7466200,88.83856999999999
2015-05-26,622.1199799999999,623.430023,614.499992,615.950012,9646000,87.992859
2015-05-27,617.000023,629.349998,615.5000150000001,628.999977,10506300,89.85714
2015-05-28,628.000008,628.98999,622.510002,626.549988,7821800,89.507141
2015-05-29,626.309982,631.43998,622.68998,624.0599980000001,12712000,89.15142800000001
2015-06-01,621.860001,623.850006,615.6099780000001,623.019974,9926000,89.002853
2015-06-02,620.97998,627.7500150000001,618.840012,623.9099809999999,7529200,89.129997
2015-06-03,624.700012,628.129997,620.51001,621.659996,6223700,88.808571
2015-06-04,618.649994,626.0000150000001,616.29998,625.4400019999999,10074400,89.34857199999999
2015-06-05,624.500008,633.780006,623.8800200000001,633.219994,11624200,90.459999
2015-06-08,635.000008,635.709984,622.9699860000001,627.230003,11148900,89.604286
2015-06-09,625.3399730000001,649.000008,625.3399730000001,647.149979,22024800,92.449997
2015-06-10,653.769997,692.7900089999999,652.580009,671.100006,57121400,95.871429
2015-06-11,678.229996,678.43,658.610001,665.659988,26623100,95.094284
2015-06-12,664.4100269999999,667.400002,658.8699799999999,660.93,10278800,94.418571
2015-06-15,649.999977,655.1400150000001,641.6099849999999,654.019989,19054000,93.431427
2015-06-16,659.700012,669.249977,655.840004,666.910004,16043300,95.272858
2015-06-17,665.930008,665.930008,657.70002,659.900017,9905000,94.271431
2015-06-18,662.5599980000001,667.3900150000001,660.579979,663.200012,8962800,94.742859
2015-06-19,673.700012,674.93,656.7499849999999,657.100006,19814900,93.871429
2015-06-22,665.29998,676.849991,659.319977,674.899986,16732800,96.414284
2015-06-23,674.350014,681.729996,670.25,681.1900099999999,15626100,97.312859
2015-06-24,700.099976,706.239983,674.779984,678.6099780000001,77138600,96.944283
2015-06-25,668.37001,672.0,654.210007,664.239983,41623400,94.891426
2015-06-26,667.100021,667.1999969999999,651.619987,651.619987,30314900,93.08856999999999
2015-06-29,640.540001,650.389999,637.819992,645.62001,24575600,92.23143
2015-06-30,653.499977,660.48999,649.499992,656.9400019999999,16880500,93.84857199999999
2015-07-01,663.6400219999999,666.6699980000001,652.5300219999999,655.449982,14699300,93.635712
2015-07-02,657.990013,659.389992,652.500008,658.31002,11053000,94.044289
2015-07-06,654.309982,664.5000150000001,653.3799740000001,661.9999849999999,11808300,94.571426
2015-07-07,665.089989,667.989975,648.3599929999999,658.6400150000001,21573300,94.091431
2015-07-08,654.299995,657.9699860000001,645.990005,654.549988,12990600,93.507141
2015-07-09,664.300011,670.919975,659.999992,670.089996,16076900,95.727142
2015-07-10,682.660004,689.519974,678.300011,680.599983,21636300,97.228569
2015-07-13,686.6900019999999,716.159996,686.550026,707.610001,33205200,101.08714300000001
2015-07-14,708.900017,711.449982,697.569984,702.600006,19736500,100.371429
2015-07-15,99.970001,100.75,97.050003,98.129997,30898600,98.129997
2015-07-16,111.019997,116.489998,107.68,115.809998,63461000,115.809998
2015-07-17,117.339996,117.879997,114.239998,114.769997,25136900,114.769997
2015-07-20,114.699997,114.699997,110.139999,110.550003,22676900,110.550003
2015-07-21,110.209999,113.709999,109.32,112.510002,14085400,112.510002
2015-07-22,112.139999,113.879997,110.559998,111.5,10500500,111.5
2015-07-23,110.910004,112.18,109.839996,110.099998,8306800,110.099998
2015-07-24,111.550003,111.68,108.900002,109.339996,8125100,109.339996
2015-07-27,107.790001,109.860001,106.25,106.43,11302600,106.43
2015-07-28,107.290001,107.940002,103.879997,106.900002,11155900,106.900002
2015-07-29,106.83000200000001,107.75,105.400002,107.08000200000001,6695600,107.08000200000001
2015-07-30,106.400002,111.900002,105.400002,111.559998,14229200,111.559998
2015-07-31,111.949997,115.0,111.150002,114.309998,16349100,114.309998
2015-08-03,114.599998,114.599998,111.779999,112.559998,10144800,112.559998
2015-08-04,113.150002,122.790001,113.0,121.150002,29653300,121.150002
2015-08-05,125.620003,129.28999299999998,122.709999,123.709999,26946500,123.709999
2015-08-06,126.290001,128.850006,122.040001,126.449997,24716700,126.449997
2015-08-07,126.41999799999999,126.599998,121.300003,123.519997,17360700,123.519997
2015-08-10,126.089996,126.5,121.510002,123.029999,13424600,123.029999
2015-08-11,120.010002,123.760002,120.0,122.739998,11596800,122.739998
2015-08-12,121.470001,122.449997,118.660004,120.510002,13822500,120.510002
2015-08-13,120.989998,125.730003,119.339996,123.730003,15284400,123.730003
2015-08-14,124.959999,125.0,123.0,123.389999,8667700,123.389999
2015-08-17,123.139999,125.699997,122.589996,125.360001,9233800,125.360001
2015-08-18,125.260002,126.75,123.550003,124.050003,9382000,124.050003
2015-08-19,123.5,123.699997,121.5,122.059998,9679900,122.059998
2015-08-20,119.800003,121.449997,111.339996,112.489998,28045300,112.489998
2015-08-21,106.199997,110.0,102.75,103.959999,33228300,103.959999
2015-08-24,88.75,109.629997,85.5,96.879997,59951900,96.879997
2015-08-25,107.75,107.879997,101.5,101.519997,37620700,101.519997
2015-08-26,107.150002,110.279999,102.019997,110.129997,36164600,110.129997
2015-08-27,114.940002,118.25,113.019997,117.660004,37056100,117.660004
2015-08-28,116.349998,119.349998,115.879997,117.629997,20240200,117.629997
2015-08-31,115.239998,117.0,113.760002,115.029999,17005600,115.029999
2015-09-01,109.349998,111.239998,103.82,105.790001,35977100,105.790001
2015-09-02,109.309998,109.5,100.300003,105.440002,39843300,105.440002
2015-09-03,102.690002,104.16999799999999,100.110001,101.059998,29546700,101.059998
2015-09-04,98.050003,99.93,97.339996,98.790001,24212000,98.790001
2015-09-08,102.08000200000001,102.5,93.550003,94.949997,43479700,94.949997
2015-09-09,96.510002,102.790001,95.519997,99.18,35524400,99.18
2015-09-10,99.41999799999999,100.849998,96.779999,99.480003,21031900,99.480003
2015-09-11,98.57,100.849998,97.230003,97.510002,17373900,97.510002
2015-09-14,96.839996,97.910004,94.33000200000001,95.690002,15546000,95.690002
2015-09-15,95.220001,99.650002,93.610001,99.160004,22591100,99.160004
2015-09-16,99.699997,104.480003,99.33000200000001,104.08000200000001,28058200,104.08000200000001
2015-09-17,103.66999799999999,107.5,101.83000200000001,104.209999,25817700,104.209999
2015-09-18,102.0,104.360001,100.709999,102.620003,21715000,102.620003
2015-09-21,103.300003,103.769997,99.559998,100.300003,17900600,100.300003
2015-09-22,98.290001,99.900002,97.0,98.470001,16717900,98.470001
2015-09-23,98.599998,99.739998,97.660004,98.07,10264500,98.07
2015-09-24,97.110001,104.0,96.779999,103.760002,21274500,103.760002
2015-09-25,105.300003,105.449997,101.57,102.239998,19066600,102.239998
2015-09-28,101.57,103.33000200000001,97.839996,99.470001,17026600,99.470001
2015-09-29,99.629997,100.629997,96.849998,98.349998,17405900,98.349998
2015-09-30,99.910004,103.459999,99.050003,103.260002,17027600,103.260002
2015-10-01,102.910004,106.110001,101.120003,105.980003,17426900,105.980003
2015-10-02,103.010002,106.870003,101.449997,106.110001,21526700,106.110001
2015-10-05,107.480003,112.279999,105.760002,111.25,21157900,111.25
2015-10-06,110.33000200000001,112.25,105.639999,108.33000200000001,20629800,108.33000200000001
2015-10-07,108.839996,109.779999,106.75,108.099998,12329500,108.099998
2015-10-08,107.940002,115.050003,102.599998,114.93,42831900,114.93
2015-10-09,114.110001,115.83000200000001,112.440002,113.33000200000001,22455200,113.33000200000001
2015-10-12,114.449997,115.41999799999999,112.360001,113.449997,12624500,113.449997
2015-10-13,112.849998,113.720001,108.779999,109.730003,17512100,109.730003
2015-10-14,111.5,111.629997,108.050003,110.230003,33231500,110.230003
2015-10-15,103.769997,104.879997,99.099998,101.089996,48484300,101.089996
2015-10-16,100.209999,101.650002,98.410004,98.989998,21340500,98.989998
2015-10-19,98.07,103.620003,96.260002,101.690002,29964700,101.690002
2015-10-20,101.059998,102.110001,97.58000200000001,98.989998,17285300,98.989998
2015-10-21,99.66999799999999,100.339996,97.010002,97.959999,13728500,97.959999
2015-10-22,98.07,99.93,96.860001,97.32,12786800,97.32
2015-10-23,97.610001,101.559998,97.269997,100.040001,18019900,100.040001
2015-10-26,100.050003,103.309998,99.379997,103.040001,12234800,103.040001
2015-10-27,102.58000200000001,104.720001,101.230003,103.07,12066400,103.07
2015-10-28,102.900002,106.209999,102.059998,105.800003,13094000,105.800003
2015-10-29,105.0,106.910004,104.75,105.120003,9841400,105.120003
2015-10-30,105.120003,110.099998,104.900002,108.379997,15571500,108.379997
2015-11-02,109.199997,109.370003,106.300003,107.639999,11784600,107.639999
2015-11-03,107.360001,111.050003,107.239998,109.739998,12484100,109.739998
2015-11-04,110.360001,114.279999,109.389999,114.050003,17505000,114.050003
2015-11-05,113.75,115.68,111.720001,113.5,13814900,113.5
2015-11-06,113.389999,114.800003,112.050003,114.059998,10936600,114.059998
2015-11-09,113.360001,114.0,108.639999,109.860001,16154600,109.860001
2015-11-10,108.860001,112.839996,108.010002,112.699997,11166400,112.699997
2015-11-11,113.08000200000001,114.610001,111.410004,112.860001,11039200,112.860001
2015-11-12,112.519997,115.25,108.199997,108.91999799999999,17568200,108.91999799999999
2015-11-13,108.339996,109.07,103.269997,103.650002,18819400,103.650002
2015-11-16,102.970001,111.650002,101.860001,111.349998,19866200,111.349998
2015-11-17,112.110001,118.790001,111.699997,117.099998,33016300,117.099998
2015-11-18,117.940002,121.0,116.099998,120.629997,23353600,120.629997
2015-11-19,120.25,123.129997,119.610001,120.220001,19253200,120.220001
2015-11-20,120.849998,124.07,119.209999,123.839996,17977000,123.839996
2015-11-23,124.300003,126.199997,121.660004,125.029999,15727000,125.029999
2015-11-24,123.66999799999999,124.660004,120.029999,123.309998,18335300,123.309998
2015-11-25,124.230003,125.199997,122.360001,124.160004,10980700,124.160004
2015-11-27,123.849998,126.389999,123.589996,125.440002,6645500,125.440002
2015-11-30,126.029999,126.599998,122.889999,123.33000200000001,13894000,123.33000200000001
2015-12-01,124.470001,125.57,122.41999799999999,125.370003,12550800,125.370003
2015-12-02,125.529999,131.350006,124.93,128.929993,24105700,128.929993
2015-12-03,129.619995,132.199997,126.389999,126.809998,26647300,126.809998
2015-12-04,127.0,130.990005,125.75,130.929993,20250400,130.929993
2015-12-07,131.190002,133.270004,122.75,125.360001,23351600,125.360001
2015-12-08,121.510002,128.240005,121.099998,126.980003,18591100,126.980003
2015-12-09,127.699997,128.779999,122.33000200000001,124.199997,17788800,124.199997
2015-12-10,124.5,125.209999,121.620003,122.910004,13437500,122.910004
2015-12-11,121.449997,123.0,118.599998,118.910004,16105300,118.910004
2015-12-14,119.769997,120.900002,114.660004,120.66999799999999,18679300,120.66999799999999
2015-12-15,121.93,123.300003,118.540001,118.599998,11760000,118.599998
2015-12-16,119.800003,123.0,118.089996,122.639999,13181000,122.639999
2015-12-17,123.970001,126.349998,122.41999799999999,122.510002,17284900,122.510002
2015-12-18,120.849998,122.190002,117.91999799999999,118.019997,17948100,118.019997
2015-12-21,119.510002,119.589996,115.660004,116.629997,11670000,116.629997
2015-12-22,117.300003,117.43,114.860001,116.239998,9689000,116.239998
2015-12-23,116.910004,118.559998,115.779999,118.160004,9324300,118.160004
2015-12-24,118.220001,118.800003,117.300003,117.33000200000001,3531300,117.33000200000001
2015-12-28,117.260002,117.349998,113.849998,117.110001,8424300,117.110001
2015-12-29,118.190002,119.599998,116.91999799999999,119.120003,8159200,119.120003
2015-12-30,118.949997,119.019997,116.43,116.709999,8149700,116.709999
2015-12-31,116.209999,117.459999,114.279999,114.379997,9245000,114.379997
2016-01-04,109.0,110.0,105.209999,109.959999,20794800,109.959999
2016-01-05,110.449997,110.58000200000001,105.849998,107.660004,17664600,107.660004
2016-01-06,105.290001,117.910004,104.959999,117.68,33045700,117.68
2016-01-07,116.360001,122.18,112.290001,114.559998,33636700,114.559998
2016-01-08,116.33000200000001,117.720001,111.099998,111.389999,18067100,111.389999
2016-01-11,112.129997,116.790001,111.199997,114.970001,21920400,114.970001
2016-01-12,116.110001,117.779999,115.08000200000001,116.58000200000001,15133500,116.58000200000001
2016-01-13,114.43,114.480003,104.529999,106.559998,24921600,106.559998
2016-01-14,105.650002,109.25,101.209999,107.059998,23664800,107.059998
2016-01-15,102.43,105.5,101.720001,104.040001,19651300,104.040001
2016-01-19,106.57,110.139999,105.550003,107.889999,35722800,107.889999
2016-01-20,108.910004,109.989998,97.050003,107.739998,53009400,107.739998
2016-01-21,108.32,108.510002,102.099998,102.349998,31027500,102.349998
2016-01-22,104.720001,104.989998,99.220001,100.720001,26821800,100.720001
2016-01-25,99.779999,102.68,99.0,99.120003,20321100,99.120003
2016-01-26,99.739998,100.550003,94.849998,97.83000200000001,22083900,97.83000200000001
2016-01-27,96.610001,97.849998,90.589996,91.150002,25556200,91.150002
2016-01-28,93.839996,95.25,90.110001,94.410004,24562300,94.410004
2016-01-29,92.0,94.389999,90.629997,91.839996,20463900,91.839996
2016-02-01,91.790001,97.18,91.300003,94.089996,19684500,94.089996
2016-02-02,95.540001,96.650002,90.730003,91.489998,21906500,91.489998
2016-02-03,92.410004,92.690002,86.139999,90.739998,27466000,90.739998
2016-02-04,89.5,91.25,86.540001,89.709999,19108600,89.709999
2016-02-05,88.230003,88.949997,81.860001,82.790001,25929300,82.790001
2016-02-08,80.57,84.699997,79.949997,83.32,25035600,83.32
2016-02-09,81.75,88.400002,81.550003,86.129997,25892900,86.129997
2016-02-10,89.0,92.209999,87.41999799999999,88.449997,23146500,88.449997
2016-02-11,87.41999799999999,88.389999,82.910004,86.349998,21820300,86.349998
2016-02-12,86.639999,89.720001,85.260002,87.400002,19067700,87.400002
2016-02-16,89.0,90.139999,87.540001,89.050003,16356600,89.050003
2016-02-17,90.129997,94.769997,89.639999,94.760002,18323800,94.760002
2016-02-18,94.800003,94.900002,90.309998,90.489998,17695300,90.489998
2016-02-19,89.980003,91.400002,88.029999,89.230003,14259200,89.230003
2016-02-22,90.75,93.110001,88.300003,91.93,16321800,91.93
2016-02-23,91.400002,92.489998,89.050003,89.120003,12744400,89.120003
2016-02-24,88.5,91.760002,86.699997,91.610001,15972800,91.610001
2016-02-25,91.08000200000001,94.809998,90.209999,94.529999,17898800,94.529999
2016-02-26,95.300003,97.480003,94.25,94.790001,16975200,94.790001
2016-02-29,94.809998,97.199997,93.339996,93.410004,13663100,93.410004
2016-03-01,94.58000200000001,99.160004,93.610001,98.300003,17048800,98.300003
2016-03-02,98.010002,99.480003,95.900002,97.610001,19102800,97.610001
2016-03-03,97.83000200000001,98.349998,95.389999,97.93,15320900,97.93
2016-03-04,98.760002,102.220001,98.32,101.58000200000001,23414600,101.58000200000001
2016-03-07,101.0,101.790001,95.25,95.489998,23855200,95.489998
2016-03-08,95.0,98.279999,94.5,96.230003,14797000,96.230003
2016-03-09,96.82,98.370003,95.0,98.0,12298700,98.0
2016-03-10,98.18,99.739998,95.449997,97.360001,17002100,97.360001
2016-03-11,99.510002,99.599998,96.050003,97.660004,15114300,97.660004
2016-03-14,97.199997,99.41999799999999,97.16999799999999,98.129997,11251900,98.129997
2016-03-15,97.870003,98.510002,96.43,97.860001,9691800,97.860001
2016-03-16,97.529999,99.730003,97.5,99.349998,12630500,99.349998
2016-03-17,99.050003,101.389999,99.0,99.720001,13825000,99.720001
2016-03-18,100.5,102.410004,100.010002,101.120003,15453500,101.120003
2016-03-21,101.150002,102.099998,99.5,101.059998,9578500,101.059998
2016-03-22,100.480003,101.519997,99.199997,99.839996,9069900,99.839996
2016-03-23,99.75,100.389999,98.809998,99.589996,8313500,99.589996
2016-03-24,98.639999,98.849998,97.07,98.360001,10671100,98.360001
2016-03-28,98.339996,101.440002,97.82,101.209999,12432200,101.209999
2016-03-29,101.08000200000001,104.33000200000001,101.0,104.129997,16008900,104.129997
2016-03-30,104.650002,104.910004,101.480003,102.190002,14705000,102.190002
2016-03-31,102.43,103.529999,101.050003,102.230003,9747500,102.230003
2016-04-01,102.93,105.790001,102.470001,105.699997,14182400,105.699997
2016-04-04,105.900002,105.91999799999999,103.199997,104.349998,10940400,104.349998
2016-04-05,103.470001,105.75,103.25,104.940002,10060900,104.940002
2016-04-06,105.300003,106.440002,104.25,104.83000200000001,9605800,104.83000200000001
2016-04-07,104.309998,106.440002,103.599998,104.449997,10774900,104.449997
2016-04-08,105.120003,105.33000200000001,102.82,103.809998,7857600,103.809998
2016-04-11,104.040001,104.980003,102.620003,102.68,7451300,102.68
2016-04-12,103.150002,107.220001,102.209999,106.980003,12437000,106.980003
2016-04-13,108.0,111.279999,107.879997,109.650002,16701700,109.650002
2016-04-14,110.010002,111.639999,109.150002,110.41999799999999,9553700,110.41999799999999
2016-04-15,110.639999,111.849998,109.779999,111.510002,11746100,111.510002
2016-04-18,109.900002,110.699997,106.019997,108.400002,27001500,108.400002
2016-04-19,99.489998,101.370003,94.199997,94.339996,55728800,94.339996
2016-04-20,94.339996,96.980003,93.139999,96.769997,26613500,96.769997
2016-04-21,97.309998,97.379997,94.779999,94.980003,19919400,94.980003
2016-04-22,94.849998,96.690002,94.209999,95.900002,15806300,95.900002
2016-04-25,95.699997,95.75,92.800003,93.559998,14985400,93.559998
2016-04-26,93.5,93.550003,91.25,92.43,15330900,92.43
2016-04-27,92.18,92.5,90.209999,91.040001,12218900,91.040001
2016-04-28,91.5,92.66999799999999,90.089996,90.279999,11474900,90.279999
2016-04-29,90.5,90.559998,88.209999,90.029999,13968000,90.029999
2016-05-02,90.410004,93.220001,89.889999,93.110001,12547000,93.110001
2016-05-03,92.08000200000001,93.25,91.300003,91.540001,10593900,91.540001
2016-05-04,91.0,92.160004,90.349998,90.790001,7394700,90.790001
2016-05-05,90.910004,92.08000200000001,89.25,89.370003,10368500,89.370003
2016-05-06,88.83000200000001,90.879997,88.110001,90.839996,10427600,90.839996
2016-05-09,90.730003,91.83000200000001,89.900002,90.540001,9543700,90.540001
2016-05-10,91.139999,93.25,91.089996,92.889999,11175900,92.889999
2016-05-11,92.400002,92.589996,89.900002,90.019997,11692900,90.019997
2016-05-12,90.32,90.410004,85.739998,87.739998,20408100,87.739998
2016-05-13,87.389999,88.589996,86.260002,87.879997,11571400,87.879997
2016-05-16,87.559998,90.0,86.150002,89.120003,11247800,89.120003
2016-05-17,89.0,90.870003,88.16999799999999,88.629997,11571300,88.629997
2016-05-18,88.25,91.720001,88.25,90.5,13911800,90.5
2016-05-19,90.160004,91.269997,88.300003,89.550003,11450300,89.550003
2016-05-20,90.08000200000001,93.279999,89.980003,92.489998,15063000,92.489998
2016-05-23,92.980003,95.290001,92.849998,94.889999,13992300,94.889999
2016-05-24,95.980003,99.139999,95.75,97.889999,21246000,97.889999
2016-05-25,99.0,100.309998,98.300003,100.199997,15142900,100.199997
2016-05-26,103.209999,104.0,101.379997,102.809998,17824700,102.809998
2016-05-27,102.440002,103.5,101.440002,103.300003,9078300,103.300003
2016-05-31,102.949997,103.449997,102.129997,102.57,8725700,102.57
2016-06-01,101.5,101.91999799999999,100.160004,101.510002,8393400,101.510002
2016-06-02,101.389999,102.150002,100.769997,101.25,7992400,101.25
2016-06-03,100.989998,101.0,98.529999,99.589996,9224000,99.589996
2016-06-06,100.290001,101.07,99.720001,100.739998,6828100,100.739998
2016-06-07,101.199997,101.629997,99.769997,99.889999,6474700,99.889999
2016-06-08,100.019997,100.279999,97.599998,97.860001,9423900,97.860001
2016-06-09,97.220001,98.43,96.660004,97.089996,8923800,97.089996
2016-06-10,94.879997,95.349998,93.279999,93.75,12907900,93.75
2016-06-13,95.019997,97.199997,93.620003,93.849998,13484300,93.849998
2016-06-14,94.160004,95.800003,93.269997,94.120003,9480400,94.120003
2016-06-15,94.610001,95.459999,93.5,94.290001,7675400,94.290001
2016-06-16,94.18,95.559998,93.25,95.440002,7550800,95.440002
2016-06-17,95.75,95.769997,94.199997,94.449997,8046800,94.449997
2016-06-20,95.220001,95.879997,93.650002,93.800003,9026400,93.800003
2016-06-21,93.870003,93.879997,90.769997,90.989998,15199700,90.989998
2016-06-22,90.779999,91.980003,89.769997,90.010002,9454700,90.010002
2016-06-23,90.620003,91.68,88.150002,91.660004,10819000,91.660004
2016-06-24,87.529999,90.489998,87.209999,88.440002,11248600,88.440002
2016-06-27,87.879997,88.0,84.809998,85.33000200000001,13730500,85.33000200000001
2016-06-28,87.410004,88.879997,86.410004,87.970001,11545600,87.970001
2016-06-29,89.66999799999999,91.970001,88.699997,91.059998,11687100,91.059998
2016-06-30,90.910004,91.720001,89.900002,91.480003,9099000,91.480003
2016-07-01,95.0,97.0,94.800003,96.66999799999999,16167200,96.66999799999999
2016-07-05,95.199997,101.269997,93.309998,97.910004,25879400,97.910004
2016-07-06,95.029999,96.0,93.550003,94.599998,16301200,94.599998
2016-07-07,94.699997,95.379997,93.18,95.099998,9913500,95.099998
2016-07-08,96.0,97.410004,95.300003,97.059998,8335400,97.059998
2016-07-11,96.190002,96.870003,94.300003,94.66999799999999,13276200,94.66999799999999
2016-07-12,95.07,96.720001,94.089996,95.970001,11617400,95.970001
2016-07-13,96.260002,96.720001,94.800003,96.43,8768900,96.43
2016-07-14,97.0,98.269997,96.800003,98.019997,9885000,98.019997
2016-07-15,98.519997,98.699997,97.410004,98.389999,9041900,98.389999
2016-07-18,98.43,99.839996,97.239998,98.809998,28669700,98.809998
2016-07-19,85.43,86.75,84.5,85.839996,55681200,85.839996
2016-07-20,86.66999799999999,88.489998,85.82,87.910004,23525100,87.910004
2016-07-21,88.300003,88.379997,85.209999,85.989998,16084000,85.989998
2016-07-22,86.480003,86.5,85.110001,85.889999,11363900,85.889999
2016-07-25,85.730003,87.870003,85.010002,87.660004,14135000,87.660004
2016-07-26,91.029999,93.099998,90.900002,91.410004,19577600,91.410004
2016-07-27,91.5,92.059998,90.099998,92.040001,8727500,92.040001
2016-07-28,91.91999799999999,92.209999,90.68,91.650002,6227700,91.650002
2016-07-29,91.190002,91.75,90.589996,91.25,6960200,91.25
2016-08-01,91.230003,94.66999799999999,90.5,94.370003,10666900,94.370003
2016-08-02,94.0,94.08000200000001,92.18,93.559998,9836200,93.559998
2016-08-03,93.279999,94.66999799999999,92.550003,93.099998,7030900,93.099998
2016-08-04,93.199997,93.730003,91.82,93.440002,6043400,93.440002
2016-08-05,93.769997,97.739998,93.559998,97.029999,18364800,97.029999
2016-08-08,95.910004,95.93,94.0,95.110001,10135400,95.110001
2016-08-09,95.120003,95.809998,93.480003,93.989998,9175400,93.989998
2016-08-10,94.400002,94.75,92.949997,93.93,6511100,93.93
2016-08-11,94.599998,96.33000200000001,94.370003,95.889999,8547700,95.889999
2016-08-12,95.529999,96.83000200000001,95.08000200000001,96.589996,6592900,96.589996
2016-08-15,96.83000200000001,96.910004,95.239998,95.309998,7304600,95.309998
2016-08-16,95.190002,95.610001,94.400002,95.120003,6311300,95.120003
2016-08-17,94.940002,96.93,94.849998,96.370003,8315600,96.370003
2016-08-18,95.980003,97.220001,95.16999799999999,96.160004,7252600,96.160004
2016-08-19,96.050003,96.779999,95.510002,95.870003,6942900,95.870003
2016-08-22,95.66999799999999,96.129997,94.949997,95.260002,5830500,95.260002
2016-08-23,95.68,96.589996,95.480003,95.940002,5239100,95.940002
2016-08-24,96.129997,96.360001,94.910004,95.18,6276500,95.18
2016-08-25,96.379997,98.25,96.040001,97.32,10823100,97.32
2016-08-26,97.33000200000001,97.949997,96.57,97.58000200000001,6617600,97.58000200000001
2016-08-29,96.970001,98.449997,96.57,97.300003,8008400,97.300003
2016-08-30,97.839996,98.849998,97.139999,97.449997,6093500,97.449997
2016-08-31,97.480003,97.879997,96.760002,97.449997,4690600,97.449997
2016-09-01,97.809998,97.980003,96.91999799999999,97.379997,4148600,97.379997
2016-09-02,97.900002,98.18,97.010002,97.379997,4247200,97.379997
2016-09-06,97.760002,100.32,97.650002,100.089996,9036100,100.089996
2016-09-07,100.110001,100.190002,98.41999799999999,99.150002,6468500,99.150002
2016-09-08,99.230003,100.050003,98.82,99.660004,5201200,99.660004
2016-09-09,99.059998,99.389999,96.5,96.5,7373300,96.5
2016-09-12,95.910004,99.290001,95.709999,99.050003,7718400,99.050003
2016-09-13,97.16999799999999,98.0,95.33000200000001,96.089996,11788100,96.089996
2016-09-14,97.349998,98.349998,96.959999,97.010002,8481000,97.010002
2016-09-15,97.230003,97.970001,96.529999,97.339996,5293500,97.339996
2016-09-16,97.099998,99.489998,97.040001,99.480003,9445100,99.480003
2016-09-19,99.900002,100.349998,97.82,98.059998,8616200,98.059998
2016-09-20,98.779999,99.160004,97.660004,98.25,4736800,98.25
2016-09-21,96.900002,97.099998,93.260002,94.879997,20042200,94.879997
2016-09-22,95.540001,95.879997,94.230003,95.83000200000001,11215000,95.83000200000001
2016-09-23,95.75,96.970001,95.43,95.940002,6179500,95.940002
2016-09-26,95.379997,95.379997,94.040001,94.559998,6739200,94.559998
2016-09-27,95.040001,97.639999,95.0,97.07,9680100,97.07
2016-09-28,97.099998,97.589996,96.019997,97.480003,7235100,97.480003
2016-09-29,97.309998,98.309998,96.599998,96.66999799999999,6217600,96.66999799999999
2016-09-30,96.900002,99.529999,96.790001,98.550003,9807900,98.550003
2016-10-03,98.0,103.389999,98.0,102.629997,15344500,102.629997
2016-10-04,103.190002,104.440002,101.860001,102.339996,12143100,102.339996
2016-10-05,103.5,106.970001,103.43,106.279999,12942900,106.279999
2016-10-06,104.970001,105.470001,103.879997,105.07,6587700,105.07
2016-10-07,103.980003,106.5,103.550003,104.82,8659500,104.82
2016-10-10,103.18,104.529999,102.760002,103.33000200000001,6699700,103.33000200000001
2016-10-11,102.309998,102.900002,99.860001,100.589996,9032900,100.589996
2016-10-12,100.879997,102.470001,99.220001,99.5,7426500,99.5
2016-10-13,98.010002,100.5,97.629997,100.230003,8319300,100.230003
2016-10-14,101.589996,102.099998,100.349998,101.470001,9531100,101.470001
2016-10-17,100.5,100.730003,98.379997,99.800003,26589500,99.800003
2016-10-18,116.629997,119.82,116.5,118.790001,42168200,118.790001
2016-10-19,118.25,122.449997,118.0,121.870003,21981700,121.870003
2016-10-20,121.970001,123.75,121.059998,123.349998,14492800,123.349998
2016-10-21,122.5,127.849998,122.309998,127.5,18832400,127.5
2016-10-24,127.41999799999999,129.28999299999998,126.150002,127.33000200000001,15980700,127.33000200000001
